Date,Open,High,Low,Close,Volume,Dividends,Stock Splits,Symbol
2025-09-19,128.28,128.55,126.02,126.32,2844300,0.0,0.0,A
2025-09-18,127.76,128.54,126.76,127.62,1513200,0.0,0.0,A
2025-09-17,127.72,130.08,126.38,126.72,1921700,0.0,0.0,A
2025-09-16,125.63,127.58,125.02,127.19,1721100,0.0,0.0,A
2025-09-15,123.99,126.41,123.7,125.63,2084900,0.0,0.0,A
2025-09-12,126.45,126.53,123.13,123.24,1250800,0.0,0.0,A
2025-09-11,125.51,127.05,124.87,126.73,1474100,0.0,0.0,A
2025-09-10,125.92,126.72,124.01,124.12,1669500,0.0,0.0,A
2025-09-09,128.1,128.26,125.85,126.25,1470300,0.0,0.0,A
2025-09-08,127.48,128.42,126.28,128.13,2136200,0.0,0.0,A
2025-09-05,128.72,131.0,128.39,128.75,1633200,0.0,0.0,A
2025-09-04,125.0,128.83,123.8,128.48,2715400,0.0,0.0,A
2025-09-03,124.96,125.83,123.72,125.22,2497300,0.0,0.0,A
2025-09-02,124.88,125.52,121.8,125.21,2412700,0.0,0.0,A
2025-08-29,125.0,126.3,124.11,125.66,1781200,0.0,0.0,A
2025-08-28,118.8,125.42,118.2,124.96,3886400,0.0,0.0,A
2025-08-27,118.5,119.2,117.51,118.69,1698600,0.0,0.0,A
2025-08-26,119.23,119.63,118.11,118.3,1898200,0.0,0.0,A
2025-08-25,121.5,121.69,118.48,119.15,1482500,0.0,0.0,A
2025-08-22,118.27,122.41,117.47,121.63,1291000,0.0,0.0,A
2025-08-21,118.49,118.7,117.03,117.15,744700,0.0,0.0,A
2025-08-20,119.87,120.46,118.28,119.11,1431900,0.0,0.0,A
2025-08-19,118.5,120.59,118.15,120.11,1313500,0.0,0.0,A
2025-08-18,119.12,119.6,118.15,118.15,1021100,0.0,0.0,A
2025-08-15,119.61,119.96,118.49,119.2,1238500,0.0,0.0,A
2025-08-14,119.23,119.41,118.15,118.87,926300,0.0,0.0,A
2025-08-13,118.06,120.4,117.86,120.29,983500,0.0,0.0,A
2025-08-12,114.51,117.37,114.4,117.32,917400,0.0,0.0,A
2025-08-11,115.04,115.67,113.73,114.13,1082300,0.0,0.0,A
2025-08-08,114.31,115.0,113.39,114.62,1129700,0.0,0.0,A
2025-08-07,114.5,114.92,113.16,113.98,1157400,0.0,0.0,A
2025-08-06,115.08,115.08,112.56,113.23,1058700,0.0,0.0,A
2025-08-05,114.81,115.43,114.25,114.89,1271000,0.0,0.0,A
2025-08-04,113.17,115.03,112.01,114.84,1343200,0.0,0.0,A
2025-08-01,113.45,114.32,111.19,113.5,1888600,0.0,0.0,A
2025-07-31,116.57,118.34,114.47,114.81,2339500,0.0,0.0,A
2025-07-30,120.24,120.46,117.23,118.05,979100,0.0,0.0,A
2025-07-29,119.75,120.51,118.86,119.84,1212200,0.0,0.0,A
2025-07-28,119.41,120.77,118.72,119.54,1679100,0.0,0.0,A
2025-07-25,120.5,121.01,119.02,120.18,1972700,0.0,0.0,A
2025-07-24,119.43,122.75,119.43,120.35,1602800,0.0,0.0,A
2025-07-23,119.38,120.79,117.48,119.47,1939700,0.0,0.0,A
2025-07-22,112.85,117.05,112.14,116.19,1692000,0.0,0.0,A
2025-07-21,113.23,113.66,110.75,112.04,2060800,0.0,0.0,A
2025-07-18,116.82,117.2,113.53,113.99,1521800,0.0,0.0,A
2025-07-17,114.1,116.57,113.25,116.36,1552900,0.0,0.0,A
2025-07-16,113.46,114.46,111.86,113.43,2248800,0.0,0.0,A
2025-07-15,118.0,119.76,111.93,112.94,3950600,0.0,0.0,A
2025-07-14,121.84,121.86,119.27,120.08,2028700,0.0,0.0,A
2025-07-11,122.93,123.66,122.34,123.28,1383000,0.0,0.0,A
2025-07-10,121.63,126.44,120.94,124.17,2269500,0.0,0.0,A
2025-07-09,121.4,122.35,118.9,121.3,1806700,0.0,0.0,A
2025-07-08,119.58,123.11,119.28,121.01,1917000,0.0,0.0,A
2025-07-07,120.4,120.75,118.1,119.25,1459900,0.0,0.0,A
2025-07-03,121.0,121.75,120.67,121.38,945000,0.0,0.0,A
2025-07-02,121.0,121.59,119.46,120.66,1467100,0.0,0.0,A
2025-07-01,117.44,123.16,116.84,120.45,1935700,0.248,0.0,A
2025-06-30,118.94,119.41,117.2,117.76,1602400,0.0,0.0,A
2025-06-27,119.75,119.96,117.93,118.92,1734700,0.0,0.0,A
2025-06-26,118.93,120.29,117.79,119.17,1488000,0.0,0.0,A
2025-06-25,116.86,119.53,116.72,118.37,1690000,0.0,0.0,A
2025-06-24,117.08,117.75,116.33,117.39,1945300,0.0,0.0,A
2025-06-23,114.71,115.99,113.46,115.89,1448400,0.0,0.0,A
2025-06-20,115.93,116.61,114.84,115.32,3043900,0.0,0.0,A
2025-06-18,115.85,116.63,114.43,115.28,1560300,0.0,0.0,A
2025-06-17,117.25,118.22,115.58,115.85,1577100,0.0,0.0,A
2025-06-16,117.44,119.09,115.33,118.77,1402800,0.0,0.0,A
2025-06-13,116.43,118.65,116.21,116.83,1652000,0.0,0.0,A
2025-06-12,118.73,119.8,118.28,118.66,1361500,0.0,0.0,A
2025-06-11,120.51,122.57,119.42,119.47,2752400,0.0,0.0,A
2025-06-10,117.65,120.91,116.88,120.27,3499500,0.0,0.0,A
2025-06-09,116.36,118.22,115.53,116.49,2147800,0.0,0.0,A
2025-06-06,115.17,115.78,114.54,115.56,1556400,0.0,0.0,A
2025-06-05,115.18,115.26,113.4,113.7,1875900,0.0,0.0,A
2025-06-04,113.12,115.05,112.65,114.7,2692800,0.0,0.0,A
2025-06-03,110.66,112.75,109.52,112.52,1491200,0.0,0.0,A
2025-06-02,110.91,111.18,109.8,110.82,1757000,0.0,0.0,A
2025-05-30,111.79,112.67,110.56,111.68,4753600,0.0,0.0,A
2025-05-29,116.7,116.74,112.76,113.04,3837400,0.0,0.0,A
2025-05-28,110.6,111.35,109.91,110.65,2733100,0.0,0.0,A
2025-05-27,110.52,111.54,109.74,111.03,2103900,0.0,0.0,A
2025-05-23,107.55,108.83,106.84,108.3,1691000,0.0,0.0,A
2025-05-22,108.13,109.96,107.74,109.45,2379800,0.0,0.0,A
2025-05-21,111.76,112.37,108.47,108.68,2859800,0.0,0.0,A
2025-05-20,113.21,113.9,112.42,113.24,2245800,0.0,0.0,A
2025-05-19,112.26,113.23,111.79,113.2,2086300,0.0,0.0,A
2025-05-16,112.04,113.59,110.59,113.53,1812000,0.0,0.0,A
2025-05-15,111.05,112.16,108.7,112.16,1873900,0.0,0.0,A
2025-05-14,114.71,115.26,111.05,111.29,2563400,0.0,0.0,A
2025-05-13,115.19,116.63,114.58,115.18,2845300,0.0,0.0,A
2025-05-12,110.58,115.47,110.22,115.31,2873100,0.0,0.0,A
2025-05-09,108.73,109.63,106.57,106.71,1369500,0.0,0.0,A
2025-05-08,107.77,110.42,106.33,108.47,2093300,0.0,0.0,A
2025-05-07,106.47,107.37,104.57,107.29,2143700,0.0,0.0,A
2025-05-06,107.02,107.98,104.14,105.02,1960600,0.0,0.0,A
2025-05-05,107.87,109.02,107.23,108.14,1385500,0.0,0.0,A
2025-05-02,109.01,110.1,107.22,108.4,1213100,0.0,0.0,A
2025-05-01,107.02,108.0,103.88,106.24,1523100,0.0,0.0,A
2025-04-30,106.74,107.72,105.23,107.37,1452200,0.0,0.0,A
2025-04-29,106.68,107.79,105.56,107.23,1201800,0.0,0.0,A
2025-04-28,107.12,108.33,105.17,106.65,1689700,0.0,0.0,A
2025-04-25,105.65,106.21,104.13,106.06,1120600,0.0,0.0,A
2025-04-24,105.2,106.85,102.94,106.8,1989400,0.0,0.0,A
2025-04-23,106.45,109.39,104.53,104.78,2236200,0.0,0.0,A
2025-04-22,101.79,103.72,100.99,102.59,2321500,0.0,0.0,A
2025-04-21,101.64,101.83,98.91,100.05,2321800,0.0,0.0,A
2025-04-17,102.41,103.28,101.15,102.26,1769900,0.0,0.0,A
2025-04-16,103.0,104.61,101.66,102.48,1454400,0.0,0.0,A
2025-04-15,104.08,105.03,102.32,102.9,1326700,0.0,0.0,A
2025-04-14,104.72,105.99,103.78,104.97,1906700,0.0,0.0,A
2025-04-11,100.94,103.12,98.65,102.49,2849100,0.0,0.0,A
2025-04-10,104.6,105.06,96.61,99.74,4977800,0.0,0.0,A
2025-04-09,97.85,107.07,96.23,106.83,4234600,0.0,0.0,A
2025-04-08,105.84,106.54,97.17,99.08,4525100,0.0,0.0,A
2025-04-07,102.41,106.78,98.3,103.37,3562900,0.0,0.0,A
2025-04-04,106.91,107.47,102.63,102.78,3826300,0.0,0.0,A
2025-04-03,112.86,113.66,109.34,109.44,3802400,0.0,0.0,A
2025-04-02,112.88,116.0,112.51,115.75,1947600,0.0,0.0,A
2025-04-01,116.18,116.23,113.12,113.81,2302800,0.248,0.0,A
2025-03-31,115.87,117.23,113.28,116.49,2014000,0.0,0.0,A
2025-03-28,118.71,119.16,115.87,116.2,1772900,0.0,0.0,A
2025-03-27,119.49,119.82,118.23,118.47,2075700,0.0,0.0,A
2025-03-26,120.21,120.63,118.55,119.39,2652900,0.0,0.0,A
2025-03-25,122.08,122.52,119.25,120.0,1605900,0.0,0.0,A
2025-03-24,121.37,123.91,120.38,121.46,1557400,0.0,0.0,A
2025-03-21,118.88,120.27,117.42,120.24,3041400,0.0,0.0,A
2025-03-20,121.21,121.57,119.19,119.77,1620600,0.0,0.0,A
2025-03-19,122.04,122.72,120.8,121.69,1706100,0.0,0.0,A
2025-03-18,121.59,122.68,120.91,122.58,1415400,0.0,0.0,A
2025-03-17,120.59,122.98,120.27,121.97,2015400,0.0,0.0,A
2025-03-14,118.31,121.54,117.0,120.67,2978800,0.0,0.0,A
2025-03-13,118.5,119.57,116.68,116.84,1984800,0.0,0.0,A
2025-03-12,121.59,123.18,118.58,119.34,1807100,0.0,0.0,A
2025-03-11,122.07,122.76,118.8,120.52,2106600,0.0,0.0,A
2025-03-10,124.68,126.12,121.11,121.39,3412300,0.0,0.0,A
2025-03-07,125.42,127.56,123.88,126.17,2056100,0.0,0.0,A
2025-03-06,125.47,128.95,125.24,126.02,2300000,0.0,0.0,A
2025-03-05,121.96,126.76,121.77,125.98,2046900,0.0,0.0,A
2025-03-04,124.47,125.22,120.94,122.54,2524100,0.0,0.0,A
2025-03-03,128.46,128.46,125.11,125.8,2184500,0.0,0.0,A
2025-02-28,127.66,128.96,125.43,127.38,2852700,0.0,0.0,A
2025-02-27,128.24,130.77,125.28,126.54,3469100,0.0,0.0,A
2025-02-26,134.43,135.89,133.09,133.9,1539900,0.0,0.0,A
2025-02-25,134.58,135.71,132.64,133.61,2607000,0.0,0.0,A
2025-02-24,134.93,136.36,134.2,134.71,2037500,0.0,0.0,A
2025-02-21,136.28,136.95,134.58,134.8,1112200,0.0,0.0,A
2025-02-20,137.08,138.0,135.53,136.21,872700,0.0,0.0,A
2025-02-19,134.02,136.91,133.48,136.57,1738100,0.0,0.0,A
2025-02-18,133.94,135.62,133.38,134.63,2121000,0.0,0.0,A
2025-02-14,136.41,136.58,133.74,134.1,1358700,0.0,0.0,A
2025-02-13,137.69,137.77,135.49,135.87,1395400,0.0,0.0,A
2025-02-12,138.19,139.21,135.82,137.5,2103600,0.0,0.0,A
2025-02-11,141.63,143.59,140.72,141.15,1134200,0.0,0.0,A
2025-02-10,144.97,145.23,141.23,143.08,1764700,0.0,0.0,A
2025-02-07,147.58,148.76,143.8,144.6,1557800,0.0,0.0,A
2025-02-06,146.4,147.98,145.58,147.02,1143000,0.0,0.0,A
2025-02-05,147.27,148.08,145.69,147.37,1348100,0.0,0.0,A
2025-02-04,147.4,148.02,145.65,146.42,1290900,0.0,0.0,A
2025-02-03,149.13,149.69,147.26,148.0,1637900,0.0,0.0,A
2025-01-31,150.32,153.19,149.87,150.88,1886600,0.0,0.0,A
2025-01-30,148.32,151.84,147.03,150.74,1496000,0.0,0.0,A
2025-01-29,148.36,149.27,145.93,146.47,1583200,0.0,0.0,A
2025-01-28,151.97,152.59,149.58,149.71,1791600,0.0,0.0,A
2025-01-27,150.92,151.58,148.1,150.32,2229600,0.0,0.0,A
2025-01-24,151.46,152.13,150.14,150.8,1844900,0.0,0.0,A
2025-01-23,152.19,152.31,147.56,151.81,1332000,0.0,0.0,A
2025-01-22,152.19,153.11,151.08,151.96,1730900,0.0,0.0,A
2025-01-21,148.04,152.53,147.39,151.93,2759600,0.0,0.0,A
2025-01-17,145.26,147.83,144.59,146.74,3210300,0.0,0.0,A
2025-01-16,142.18,144.5,139.84,144.11,1661400,0.0,0.0,A
2025-01-15,143.53,145.88,138.1,141.63,2328600,0.0,0.0,A
2025-01-14,141.4,144.77,139.56,142.83,2445400,0.0,0.0,A
2025-01-13,136.64,142.22,136.42,141.35,1562000,0.0,0.0,A
2025-01-10,134.18,139.55,134.14,136.89,1369900,0.0,0.0,A
2025-01-08,137.1,137.1,135.06,136.42,1684600,0.0,0.0,A
2025-01-07,136.25,139.69,135.41,136.83,1056700,0.0,0.0,A
2025-01-06,135.03,137.76,134.77,135.85,1047000,0.0,0.0,A
2025-01-03,132.89,135.48,132.2,135.12,1246900,0.0,0.0,A
2025-01-02,134.64,135.16,132.31,132.87,953600,0.0,0.0,A
2024-12-31,134.24,135.34,133.46,133.77,719600,0.248,0.0,A
2024-12-30,133.59,134.77,132.43,133.61,993600,0.0,0.0,A
2024-12-27,133.8,135.4,133.78,134.72,631800,0.0,0.0,A
2024-12-26,134.19,135.16,134.15,135.01,556600,0.0,0.0,A
2024-12-24,133.79,135.28,133.34,135.28,370200,0.0,0.0,A
2024-12-23,133.35,133.87,132.36,133.79,1194900,0.0,0.0,A
2024-12-20,132.42,134.71,132.42,133.7,4363900,0.0,0.0,A
2024-12-19,132.33,133.46,130.82,132.38,2166500,0.0,0.0,A
2024-12-18,136.12,136.74,132.11,132.2,1746900,0.0,0.0,A
2024-12-17,136.75,138.5,135.38,135.63,2430600,0.0,0.0,A
2024-12-16,137.79,139.09,136.17,136.84,1580700,0.0,0.0,A
2024-12-13,139.51,139.62,136.46,138.16,1474300,0.0,0.0,A
2024-12-12,139.65,140.86,139.03,140.06,976300,0.0,0.0,A
2024-12-11,142.0,142.72,140.32,140.34,1848700,0.0,0.0,A
2024-12-10,143.38,144.02,140.87,141.07,1261300,0.0,0.0,A
2024-12-09,139.96,143.69,139.59,143.13,1547300,0.0,0.0,A
2024-12-06,138.63,140.93,138.12,139.73,1297600,0.0,0.0,A
2024-12-05,138.16,139.72,136.73,137.04,1994500,0.0,0.0,A
2024-12-04,138.36,141.55,136.86,139.35,1948900,0.0,0.0,A
2024-12-03,137.97,138.75,135.87,138.44,1714800,0.0,0.0,A
2024-12-02,137.0,139.17,136.27,138.73,1702200,0.0,0.0,A
2024-11-29,136.44,138.26,136.25,137.13,1183300,0.0,0.0,A
2024-11-27,133.87,138.16,133.43,137.3,2336900,0.0,0.0,A
2024-11-26,126.25,133.99,125.41,133.56,3443900,0.0,0.0,A
2024-11-25,133.72,134.79,132.95,133.68,3355400,0.0,0.0,A
2024-11-22,131.3,133.51,130.7,133.03,2067800,0.0,0.0,A
2024-11-21,128.92,131.39,128.28,131.26,2882100,0.0,0.0,A
2024-11-20,124.56,127.93,124.13,127.79,1696000,0.0,0.0,A
2024-11-19,125.02,126.35,124.36,124.93,1838200,0.0,0.0,A
2024-11-18,126.15,127.31,125.25,126.15,1445000,0.0,0.0,A
2024-11-15,128.69,128.92,125.06,126.3,2631100,0.0,0.0,A
2024-11-14,132.88,133.54,129.37,129.43,1971100,0.0,0.0,A
2024-11-13,132.45,134.05,131.39,133.47,1103100,0.0,0.0,A
2024-11-12,133.05,135.22,132.83,132.86,1490800,0.0,0.0,A
2024-11-11,136.24,136.63,132.39,133.05,5405500,0.0,0.0,A
2024-11-08,136.84,137.83,134.12,135.85,1918600,0.0,0.0,A
2024-11-07,137.95,139.22,136.74,138.78,2182800,0.0,0.0,A
2024-11-06,142.13,142.2,136.21,136.95,2528900,0.0,0.0,A
2024-11-05,137.34,139.94,136.41,139.56,1240500,0.0,0.0,A
2024-11-04,136.49,139.79,136.08,138.8,1795400,0.0,0.0,A
2024-11-01,138.3,140.12,134.45,136.04,2077700,0.0,0.0,A
2024-10-31,129.88,130.64,129.07,129.52,1596000,0.0,0.0,A
2024-10-30,130.86,133.3,130.35,130.69,1550500,0.0,0.0,A
2024-10-29,130.35,131.49,129.77,130.44,941500,0.0,0.0,A
2024-10-28,130.95,131.43,129.55,130.74,1739800,0.0,0.0,A
2024-10-25,130.39,130.91,128.57,129.4,1248500,0.0,0.0,A
2024-10-24,132.33,132.5,129.9,129.9,1830100,0.0,0.0,A
2024-10-23,132.46,133.49,130.56,132.22,1657500,0.0,0.0,A
2024-10-22,133.87,133.93,131.18,132.65,1822700,0.0,0.0,A
2024-10-21,137.51,137.97,135.4,135.93,975900,0.0,0.0,A
2024-10-18,137.69,138.68,136.41,137.99,1185200,0.0,0.0,A
2024-10-17,140.95,141.67,135.65,136.59,1592900,0.0,0.0,A
2024-10-16,140.65,141.71,137.6,138.27,1702100,0.0,0.0,A
2024-10-15,143.48,145.77,143.2,143.7,1251200,0.0,0.0,A
2024-10-14,143.13,144.19,141.96,143.38,1765200,0.0,0.0,A
2024-10-11,142.19,144.18,142.19,142.95,1427400,0.0,0.0,A
2024-10-10,142.34,143.54,141.74,141.88,1288900,0.0,0.0,A
2024-10-09,144.15,144.71,143.31,143.92,634700,0.0,0.0,A
2024-10-08,143.13,144.36,142.97,143.73,915000,0.0,0.0,A
2024-10-07,143.26,143.58,141.97,143.02,836700,0.0,0.0,A
2024-10-04,145.31,145.67,143.33,144.09,1001100,0.0,0.0,A
2024-10-03,144.55,145.1,143.22,143.67,1100000,0.0,0.0,A
2024-10-02,145.38,146.76,144.23,145.65,1200100,0.0,0.0,A
2024-10-01,147.29,147.29,143.15,145.67,1408600,0.236,0.0,A
2024-09-30,146.57,147.69,145.59,147.35,1408300,0.0,0.0,A
2024-09-27,146.06,148.93,146.06,146.93,2213000,0.0,0.0,A
2024-09-26,140.18,145.84,139.47,145.62,2149700,0.0,0.0,A
2024-09-25,140.89,141.75,138.15,138.38,1437300,0.0,0.0,A
2024-09-24,139.03,142.18,138.25,140.79,1930100,0.0,0.0,A
2024-09-23,140.07,140.07,137.54,138.72,2179500,0.0,0.0,A
2024-09-20,140.13,140.32,136.83,139.02,2613600,0.0,0.0,A
2025-09-19,241.23,246.3,240.21,245.5,163470300,0.0,0.0,AAPL
2025-09-18,239.97,241.2,236.65,237.88,44249600,0.0,0.0,AAPL
2025-09-17,238.97,240.1,237.73,238.99,46508000,0.0,0.0,AAPL
2025-09-16,237.18,241.22,236.32,238.15,63421100,0.0,0.0,AAPL
2025-09-15,237.0,238.19,235.03,236.7,42699500,0.0,0.0,AAPL
2025-09-12,229.22,234.51,229.02,234.07,55824200,0.0,0.0,AAPL
2025-09-11,226.88,230.45,226.65,230.03,50208600,0.0,0.0,AAPL
2025-09-10,232.19,232.42,225.95,226.79,83440800,0.0,0.0,AAPL
2025-09-09,237.0,238.78,233.36,234.35,66313900,0.0,0.0,AAPL
2025-09-08,239.3,240.15,236.34,237.88,48999500,0.0,0.0,AAPL
2025-09-05,240.0,241.32,238.49,239.69,54870400,0.0,0.0,AAPL
2025-09-04,238.45,239.9,236.74,239.78,47549400,0.0,0.0,AAPL
2025-09-03,237.21,238.85,234.36,238.47,66427800,0.0,0.0,AAPL
2025-09-02,229.25,230.85,226.97,229.72,44075600,0.0,0.0,AAPL
2025-08-29,232.51,233.38,231.37,232.14,39418400,0.0,0.0,AAPL
2025-08-28,230.82,233.41,229.34,232.56,38074700,0.0,0.0,AAPL
2025-08-27,228.61,230.9,228.26,230.49,31259500,0.0,0.0,AAPL
2025-08-26,226.87,229.49,224.69,229.31,54575100,0.0,0.0,AAPL
2025-08-25,226.48,229.3,226.23,227.16,30983100,0.0,0.0,AAPL
2025-08-22,226.17,229.09,225.41,227.76,42477800,0.0,0.0,AAPL
2025-08-21,226.27,226.52,223.78,224.9,30621200,0.0,0.0,AAPL
2025-08-20,229.98,230.47,225.77,226.01,42263900,0.0,0.0,AAPL
2025-08-19,231.28,232.87,229.35,230.56,39402600,0.0,0.0,AAPL
2025-08-18,231.7,233.12,230.11,230.89,37476200,0.0,0.0,AAPL
2025-08-15,234.0,234.28,229.34,231.59,56038700,0.0,0.0,AAPL
2025-08-14,234.06,235.12,230.85,232.78,51916300,0.0,0.0,AAPL
2025-08-13,231.07,235.0,230.43,233.33,69878500,0.0,0.0,AAPL
2025-08-12,228.01,230.8,227.07,229.65,55626200,0.0,0.0,AAPL
2025-08-11,227.92,229.56,224.76,227.18,61806100,0.26,0.0,AAPL
2025-08-08,220.58,230.74,219.0,229.09,113854000,0.0,0.0,AAPL
2025-08-07,218.63,220.6,216.33,219.78,90224800,0.0,0.0,AAPL
2025-08-06,205.4,215.14,205.36,213.01,108483100,0.0,0.0,AAPL
2025-08-05,203.17,205.11,201.93,202.69,44155100,0.0,0.0,AAPL
2025-08-04,204.28,207.64,201.45,203.12,75109300,0.0,0.0,AAPL
2025-08-01,210.63,213.34,201.27,202.15,104434500,0.0,0.0,AAPL
2025-07-31,208.25,209.6,206.93,207.33,80698400,0.0,0.0,AAPL
2025-07-30,211.66,212.15,207.48,208.81,45512500,0.0,0.0,AAPL
2025-07-29,213.94,214.57,210.58,211.03,51411700,0.0,0.0,AAPL
2025-07-28,213.79,214.61,212.82,213.81,37858000,0.0,0.0,AAPL
2025-07-25,214.46,215.0,213.16,213.64,40268800,0.0,0.0,AAPL
2025-07-24,213.66,215.45,213.29,213.52,46022600,0.0,0.0,AAPL
2025-07-23,214.76,214.91,212.17,213.91,46989300,0.0,0.0,AAPL
2025-07-22,212.9,214.71,211.99,214.16,46404100,0.0,0.0,AAPL
2025-07-21,211.86,215.54,211.39,212.24,51377400,0.0,0.0,AAPL
2025-07-18,210.63,211.55,209.46,210.94,48974600,0.0,0.0,AAPL
2025-07-17,210.33,211.56,209.35,209.78,48068100,0.0,0.0,AAPL
2025-07-16,210.06,212.16,208.4,209.92,47490500,0.0,0.0,AAPL
2025-07-15,208.98,211.65,208.68,208.87,42296300,0.0,0.0,AAPL
2025-07-14,209.69,210.67,207.3,208.38,38840100,0.0,0.0,AAPL
2025-07-11,210.33,211.89,209.62,210.92,39765800,0.0,0.0,AAPL
2025-07-10,210.27,213.24,209.79,212.17,44443600,0.0,0.0,AAPL
2025-07-09,209.29,211.09,206.99,210.9,48749400,0.0,0.0,AAPL
2025-07-08,209.86,211.19,208.21,209.77,42848900,0.0,0.0,AAPL
2025-07-07,212.44,215.98,208.56,209.71,50229000,0.0,0.0,AAPL
2025-07-03,211.91,214.41,211.57,213.31,34955800,0.0,0.0,AAPL
2025-07-02,208.67,213.1,207.9,212.2,67941800,0.0,0.0,AAPL
2025-07-01,206.44,209.95,205.91,207.58,78788900,0.0,0.0,AAPL
2025-06-30,201.78,207.15,199.03,204.94,91912800,0.0,0.0,AAPL
2025-06-27,201.66,202.99,199.77,200.85,73188600,0.0,0.0,AAPL
2025-06-26,201.2,202.41,199.23,200.77,50799100,0.0,0.0,AAPL
2025-06-25,201.22,203.44,200.39,201.33,39525700,0.0,0.0,AAPL
2025-06-24,202.36,203.21,199.97,200.07,54064000,0.0,0.0,AAPL
2025-06-23,201.4,202.07,198.73,201.27,55814300,0.0,0.0,AAPL
2025-06-20,198.02,201.47,196.64,200.77,96813500,0.0,0.0,AAPL
2025-06-18,195.72,197.35,194.85,196.36,45394700,0.0,0.0,AAPL
2025-06-17,196.98,198.17,194.99,195.42,38856200,0.0,0.0,AAPL
2025-06-16,197.08,198.46,196.34,198.2,43020700,0.0,0.0,AAPL
2025-06-13,199.5,200.14,195.48,196.23,51447300,0.0,0.0,AAPL
2025-06-12,198.85,199.45,197.14,198.97,43904600,0.0,0.0,AAPL
2025-06-11,203.27,204.27,198.19,198.55,60989900,0.0,0.0,AAPL
2025-06-10,200.37,204.12,200.34,202.44,54672600,0.0,0.0,AAPL
2025-06-09,204.16,205.77,199.79,201.22,72862600,0.0,0.0,AAPL
2025-06-06,202.77,205.47,201.82,203.69,46607700,0.0,0.0,AAPL
2025-06-05,203.27,204.52,199.92,200.4,55126100,0.0,0.0,AAPL
2025-06-04,202.68,206.01,201.87,202.59,43604000,0.0,0.0,AAPL
2025-06-03,201.12,203.54,200.73,203.04,46381600,0.0,0.0,AAPL
2025-06-02,200.05,201.9,199.89,201.47,35423300,0.0,0.0,AAPL
2025-05-30,199.14,201.73,196.56,200.62,70819900,0.0,0.0,AAPL
2025-05-29,203.35,203.58,198.28,199.72,51396800,0.0,0.0,AAPL
2025-05-28,200.36,202.5,199.67,200.19,45339700,0.0,0.0,AAPL
2025-05-27,198.08,200.51,197.21,199.98,56288500,0.0,0.0,AAPL
2025-05-23,193.45,197.48,193.24,195.05,78432900,0.0,0.0,AAPL
2025-05-22,200.48,202.52,199.47,201.13,46742400,0.0,0.0,AAPL
2025-05-21,204.94,206.81,200.48,201.86,59211800,0.0,0.0,AAPL
2025-05-20,207.43,208.23,204.8,206.63,42496600,0.0,0.0,AAPL
2025-05-19,207.67,209.24,204.03,208.54,46140500,0.0,0.0,AAPL
2025-05-16,212.12,212.33,209.53,211.02,54737900,0.0,0.0,AAPL
2025-05-15,210.71,212.72,209.3,211.21,45029500,0.0,0.0,AAPL
2025-05-14,212.19,213.7,210.34,212.09,49325800,0.0,0.0,AAPL
2025-05-13,210.19,213.16,208.76,212.69,51909300,0.0,0.0,AAPL
2025-05-12,210.73,211.03,206.52,210.55,63775800,0.26,0.0,AAPL
2025-05-09,198.51,200.05,197.06,198.05,36453900,0.0,0.0,AAPL
2025-05-08,197.24,199.56,194.2,197.01,50478900,0.0,0.0,AAPL
2025-05-07,198.68,198.95,192.78,195.77,68536700,0.0,0.0,AAPL
2025-05-06,197.73,200.16,196.54,198.03,51216500,0.0,0.0,AAPL
2025-05-05,202.6,203.6,197.73,198.4,69018500,0.0,0.0,AAPL
2025-05-02,205.59,206.48,201.67,204.85,101010600,0.0,0.0,AAPL
2025-05-01,208.57,214.04,208.39,212.8,57365700,0.0,0.0,AAPL
2025-04-30,208.79,213.06,206.17,211.98,52286500,0.0,0.0,AAPL
2025-04-29,208.18,211.72,207.86,210.69,36827600,0.0,0.0,AAPL
2025-04-28,209.49,210.98,206.95,209.63,38743100,0.0,0.0,AAPL
2025-04-25,205.87,209.24,205.7,208.77,38222300,0.0,0.0,AAPL
2025-04-24,204.39,208.32,202.44,207.86,47311000,0.0,0.0,AAPL
2025-04-23,205.5,207.49,202.3,204.1,52929200,0.0,0.0,AAPL
2025-04-22,195.64,201.1,195.49,199.25,52976400,0.0,0.0,AAPL
2025-04-21,192.8,193.33,189.35,192.69,46742500,0.0,0.0,AAPL
2025-04-17,196.72,198.34,193.95,196.5,52164700,0.0,0.0,AAPL
2025-04-16,197.88,200.21,191.9,193.8,59732400,0.0,0.0,AAPL
2025-04-15,201.37,203.01,199.31,201.65,51343900,0.0,0.0,AAPL
2025-04-14,210.92,212.42,200.67,202.03,101352900,0.0,0.0,AAPL
2025-04-11,185.65,199.05,185.61,197.67,87435900,0.0,0.0,AAPL
2025-04-10,188.61,194.3,182.55,189.96,121880000,0.0,0.0,AAPL
2025-04-09,171.53,200.12,171.47,198.36,184395900,0.0,0.0,AAPL
2025-04-08,186.24,189.88,168.8,172.0,120859500,0.0,0.0,AAPL
2025-04-07,176.77,193.68,174.19,181.02,160466300,0.0,0.0,AAPL
2025-04-04,193.42,199.39,186.88,187.92,125910900,0.0,0.0,AAPL
2025-04-03,205.04,206.98,200.76,202.69,103419000,0.0,0.0,AAPL
2025-04-02,220.78,224.64,220.48,223.34,35905900,0.0,0.0,AAPL
2025-04-01,219.27,223.13,218.37,222.65,36412700,0.0,0.0,AAPL
2025-03-31,216.48,225.07,215.7,221.59,65299300,0.0,0.0,AAPL
2025-03-28,221.13,223.26,217.15,217.37,39818600,0.0,0.0,AAPL
2025-03-27,220.85,224.44,220.02,223.3,37094800,0.0,0.0,AAPL
2025-03-26,222.96,224.47,219.93,220.99,34466100,0.0,0.0,AAPL
2025-03-25,220.23,223.55,219.54,223.2,34493600,0.0,0.0,AAPL
2025-03-24,220.46,220.94,218.05,220.19,44299500,0.0,0.0,AAPL
2025-03-21,211.04,218.31,210.76,217.74,94127800,0.0,0.0,AAPL
2025-03-20,213.47,216.96,211.7,213.58,48862900,0.0,0.0,AAPL
2025-03-19,213.7,218.23,213.23,214.71,54385400,0.0,0.0,AAPL
2025-03-18,213.64,214.62,210.97,212.17,42432400,0.0,0.0,AAPL
2025-03-17,212.79,214.69,209.46,213.48,48073400,0.0,0.0,AAPL
2025-03-14,210.73,213.43,209.07,212.97,60107600,0.0,0.0,AAPL
2025-03-13,215.42,216.31,207.91,209.17,61368300,0.0,0.0,AAPL
2025-03-12,219.6,221.21,214.39,216.45,62547500,0.0,0.0,AAPL
2025-03-11,223.26,225.29,216.92,220.3,76137400,0.0,0.0,AAPL
2025-03-10,234.96,235.58,223.67,226.92,72071200,0.0,0.0,AAPL
2025-03-07,234.54,240.78,234.19,238.49,46273600,0.0,0.0,AAPL
2025-03-06,233.87,237.28,232.59,234.76,45170400,0.0,0.0,AAPL
2025-03-05,234.85,235.97,228.67,235.16,47227600,0.0,0.0,AAPL
2025-03-04,237.13,239.48,234.11,235.35,53798100,0.0,0.0,AAPL
2025-03-03,241.2,243.43,235.53,237.45,47184000,0.0,0.0,AAPL
2025-02-28,236.37,241.5,229.64,241.25,56833400,0.0,0.0,AAPL
2025-02-27,238.83,241.87,236.48,236.72,41153600,0.0,0.0,AAPL
2025-02-26,243.73,244.38,238.55,239.77,44433600,0.0,0.0,AAPL
2025-02-25,247.39,249.39,244.31,246.44,48013300,0.0,0.0,AAPL
2025-02-24,244.33,248.25,243.82,246.5,51326400,0.0,0.0,AAPL
2025-02-21,245.35,248.08,244.62,244.95,53197400,0.0,0.0,AAPL
2025-02-20,244.34,246.18,243.69,245.23,32316900,0.0,0.0,AAPL
2025-02-19,244.06,245.41,242.57,244.27,32204200,0.0,0.0,AAPL
2025-02-18,243.55,244.58,241.25,243.87,48822500,0.0,0.0,AAPL
2025-02-14,240.66,244.95,240.4,244.0,40896200,0.0,0.0,AAPL
2025-02-13,236.33,241.75,234.99,240.94,53614100,0.0,0.0,AAPL
2025-02-12,230.64,236.38,230.12,236.29,45243300,0.0,0.0,AAPL
2025-02-11,227.64,234.66,227.57,232.05,53718400,0.0,0.0,AAPL
2025-02-10,229.01,230.03,226.65,227.09,33115600,0.25,0.0,AAPL
2025-02-07,231.78,233.17,226.46,226.82,39707200,0.0,0.0,AAPL
2025-02-06,230.47,232.97,229.61,232.4,29925300,0.0,0.0,AAPL
2025-02-05,227.72,231.85,227.46,231.65,39620300,0.0,0.0,AAPL
2025-02-04,226.45,232.31,225.85,231.98,45067300,0.0,0.0,AAPL
2025-02-03,229.18,231.01,224.9,227.2,73063300,0.0,0.0,AAPL
2025-01-31,246.32,246.32,232.61,235.17,100959800,0.0,0.0,AAPL
2025-01-30,237.83,239.94,236.37,236.75,55658300,0.0,0.0,AAPL
2025-01-29,233.29,239.01,233.18,238.51,45486100,0.0,0.0,AAPL
2025-01-28,230.03,239.34,229.99,237.42,75707600,0.0,0.0,AAPL
2025-01-27,223.23,231.33,223.19,229.05,94863400,0.0,0.0,AAPL
2025-01-24,223.98,224.83,220.63,221.99,54697900,0.0,0.0,AAPL
2025-01-23,223.95,226.23,221.51,222.87,60234800,0.0,0.0,AAPL
2025-01-22,219.01,223.33,219.01,223.04,64126500,0.0,0.0,AAPL
2025-01-21,223.21,223.63,218.6,221.85,98070400,0.0,0.0,AAPL
2025-01-17,231.3,231.47,227.67,229.17,68488300,0.0,0.0,AAPL
2025-01-16,236.51,237.17,227.22,227.45,71759100,0.0,0.0,AAPL
2025-01-15,233.81,238.11,233.6,237.03,39832000,0.0,0.0,AAPL
2025-01-14,233.92,235.28,231.65,232.45,39435300,0.0,0.0,AAPL
2025-01-13,232.7,233.84,228.91,233.57,49630700,0.0,0.0,AAPL
2025-01-10,239.16,239.31,232.18,236.01,61710900,0.0,0.0,AAPL
2025-01-08,241.06,242.85,239.2,241.84,37628900,0.0,0.0,AAPL
2025-01-07,242.12,244.68,240.5,241.35,40856000,0.0,0.0,AAPL
2025-01-06,243.45,246.46,242.34,244.13,45045600,0.0,0.0,AAPL
2025-01-03,242.5,243.32,241.03,242.5,40244100,0.0,0.0,AAPL
2025-01-02,248.05,248.22,240.96,242.99,55740700,0.0,0.0,AAPL
2024-12-31,251.55,252.38,248.55,249.53,39480700,0.0,0.0,AAPL
2024-12-30,251.34,252.6,249.86,251.31,35557500,0.0,0.0,AAPL
2024-12-27,256.92,257.78,252.16,254.69,42355300,0.0,0.0,AAPL
2024-12-26,257.28,259.18,256.72,258.1,27237100,0.0,0.0,AAPL
2024-12-24,254.59,257.3,254.39,257.29,23234700,0.0,0.0,AAPL
2024-12-23,253.87,254.75,252.55,254.37,40858800,0.0,0.0,AAPL
2024-12-20,247.16,254.1,244.82,253.59,147495300,0.0,0.0,AAPL
2024-12-19,246.62,251.11,246.22,248.91,60882300,0.0,0.0,AAPL
2024-12-18,251.27,253.38,246.86,247.17,56774100,0.0,0.0,AAPL
2024-12-17,249.2,252.93,248.9,252.58,51356400,0.0,0.0,AAPL
2024-12-16,247.11,250.49,246.77,250.15,51694800,0.0,0.0,AAPL
2024-12-13,246.94,248.41,245.37,247.25,33155300,0.0,0.0,AAPL
2024-12-12,246.02,247.86,244.81,247.08,32777500,0.0,0.0,AAPL
2024-12-11,247.08,249.91,245.39,245.62,45205800,0.0,0.0,AAPL
2024-12-10,246.02,247.33,244.47,246.89,36914800,0.0,0.0,AAPL
2024-12-09,240.97,246.37,240.89,245.88,44649200,0.0,0.0,AAPL
2024-12-06,242.05,243.76,241.22,241.98,36870600,0.0,0.0,AAPL
2024-12-05,243.13,243.67,241.27,242.18,40033900,0.0,0.0,AAPL
2024-12-04,242.01,243.25,240.4,242.15,44383900,0.0,0.0,AAPL
2024-12-03,238.96,241.9,238.05,241.79,38861000,0.0,0.0,AAPL
2024-12-02,236.43,239.94,236.32,238.74,48137100,0.0,0.0,AAPL
2024-11-29,233.98,236.97,233.14,236.49,28481400,0.0,0.0,AAPL
2024-11-27,233.64,234.86,232.98,234.1,33498400,0.0,0.0,AAPL
2024-11-26,232.5,234.74,232.5,234.23,45986200,0.0,0.0,AAPL
2024-11-25,230.64,232.42,228.93,232.05,90152800,0.0,0.0,AAPL
2024-11-22,227.25,229.9,227.25,229.06,38168300,0.0,0.0,AAPL
2024-11-21,228.07,229.35,224.91,227.71,42108300,0.0,0.0,AAPL
2024-11-20,227.25,229.12,225.09,228.19,35169600,0.0,0.0,AAPL
2024-11-19,226.18,229.35,225.86,227.47,36211800,0.0,0.0,AAPL
2024-11-18,224.45,228.93,224.37,227.21,44633700,0.0,0.0,AAPL
2024-11-15,225.6,226.12,223.48,224.2,47923700,0.0,0.0,AAPL
2024-11-14,224.22,228.06,224.2,227.41,44923900,0.0,0.0,AAPL
2024-11-13,223.22,225.85,221.97,224.32,48566200,0.0,0.0,AAPL
2024-11-12,223.76,224.79,222.57,223.44,40398300,0.0,0.0,AAPL
2024-11-11,224.2,224.9,220.72,223.44,42005600,0.0,0.0,AAPL
2024-11-08,226.37,227.85,225.61,226.16,38328800,0.25,0.0,AAPL
2024-11-07,223.59,226.82,223.53,226.43,42137700,0.0,0.0,AAPL
2024-11-06,221.58,225.02,220.17,221.69,54561100,0.0,0.0,AAPL
2024-11-05,220.77,222.91,220.12,222.41,28111300,0.0,0.0,AAPL
2024-11-04,219.97,221.76,218.69,220.98,44944500,0.0,0.0,AAPL
2024-11-01,219.95,224.31,219.25,221.88,65276700,0.0,0.0,AAPL
2024-10-31,228.28,228.77,224.33,224.86,64370100,0.0,0.0,AAPL
2024-10-30,231.53,232.39,228.49,229.03,47070900,0.0,0.0,AAPL
2024-10-29,232.02,233.24,231.24,232.59,35417200,0.0,0.0,AAPL
2024-10-28,232.24,233.64,231.47,232.32,36087100,0.0,0.0,AAPL
2024-10-25,228.68,232.14,228.51,230.34,38802300,0.0,0.0,AAPL
2024-10-24,228.91,229.75,227.35,229.5,31109500,0.0,0.0,AAPL
2024-10-23,233.0,234.05,226.7,229.69,52287000,0.0,0.0,AAPL
2024-10-22,232.81,235.13,231.52,234.77,38846600,0.0,0.0,AAPL
2024-10-21,233.36,235.75,233.36,235.38,36254500,0.0,0.0,AAPL
2024-10-18,235.09,235.09,232.93,233.91,46431500,0.0,0.0,AAPL
2024-10-17,232.35,232.77,229.45,231.07,32993800,0.0,0.0,AAPL
2024-10-16,230.53,231.04,228.78,230.71,34082200,0.0,0.0,AAPL
2024-10-15,232.53,236.39,231.29,232.77,64751400,0.0,0.0,AAPL
2024-10-14,227.64,230.66,227.54,230.23,39882100,0.0,0.0,AAPL
2024-10-11,228.24,228.35,226.29,226.5,31759200,0.0,0.0,AAPL
2024-10-10,226.72,228.44,226.12,227.98,28183500,0.0,0.0,AAPL
2024-10-09,224.19,228.69,223.79,228.48,33591100,0.0,0.0,AAPL
2024-10-08,223.26,224.93,222.22,224.72,31855700,0.0,0.0,AAPL
2024-10-07,223.46,224.64,220.3,220.66,39505400,0.0,0.0,AAPL
2024-10-04,226.84,226.94,223.09,225.75,37245100,0.0,0.0,AAPL
2024-10-03,224.1,225.76,222.29,224.62,34044200,0.0,0.0,AAPL
2024-10-02,224.84,226.32,221.99,225.73,32880600,0.0,0.0,AAPL
2024-10-01,228.46,228.59,222.7,225.16,63285000,0.0,0.0,AAPL
2024-09-30,228.97,231.92,228.59,231.92,54541900,0.0,0.0,AAPL
2024-09-27,227.4,228.46,226.25,226.73,34026000,0.0,0.0,AAPL
2024-09-26,226.25,227.44,224.37,226.47,36636700,0.0,0.0,AAPL
2024-09-25,223.89,226.24,222.98,225.32,42308700,0.0,0.0,AAPL
2024-09-24,227.59,228.29,224.68,226.32,43556100,0.0,0.0,AAPL
2024-09-23,226.29,228.39,224.76,225.42,54146000,0.0,0.0,AAPL
2024-09-20,228.9,232.01,226.57,227.14,318679900,0.0,0.0,AAPL
2025-09-19,17.81,18.08,17.59,18.06,1804900,0.0,0.0,DOMO
2025-09-18,17.49,17.9,17.29,17.75,558800,0.0,0.0,DOMO
2025-09-17,16.82,17.32,16.72,17.15,474400,0.0,0.0,DOMO
2025-09-16,17.36,17.39,16.66,16.87,590200,0.0,0.0,DOMO
2025-09-15,17.42,17.85,17.04,17.31,652300,0.0,0.0,DOMO
2025-09-12,16.89,17.21,16.66,17.01,839400,0.0,0.0,DOMO
2025-09-11,15.87,16.92,15.64,16.86,1198400,0.0,0.0,DOMO
2025-09-10,15.54,15.99,15.5,15.59,915300,0.0,0.0,DOMO
2025-09-09,15.14,15.61,15.05,15.5,1000700,0.0,0.0,DOMO
2025-09-08,14.62,15.24,14.62,15.07,575800,0.0,0.0,DOMO
2025-09-05,14.93,15.07,14.44,14.62,559800,0.0,0.0,DOMO
2025-09-04,14.4,14.87,14.22,14.66,651100,0.0,0.0,DOMO
2025-09-03,14.18,14.62,13.99,14.57,772100,0.0,0.0,DOMO
2025-09-02,14.18,14.58,13.85,14.21,1078200,0.0,0.0,DOMO
2025-08-29,15.33,15.52,13.88,14.68,1555300,0.0,0.0,DOMO
2025-08-28,15.0,16.29,15.0,15.32,2360600,0.0,0.0,DOMO
2025-08-27,17.1,17.88,16.68,17.57,1995200,0.0,0.0,DOMO
2025-08-26,15.31,17.1,15.28,16.11,1769300,0.0,0.0,DOMO
2025-08-25,14.09,14.23,13.84,13.84,362000,0.0,0.0,DOMO
2025-08-22,13.5,14.35,13.31,14.15,517500,0.0,0.0,DOMO
2025-08-21,13.54,13.72,13.48,13.54,347300,0.0,0.0,DOMO
2025-08-20,13.81,13.94,13.31,13.63,446200,0.0,0.0,DOMO
2025-08-19,14.82,14.88,13.74,13.86,373500,0.0,0.0,DOMO
2025-08-18,14.13,14.92,14.04,14.82,430000,0.0,0.0,DOMO
2025-08-15,14.19,14.58,14.07,14.12,377800,0.0,0.0,DOMO
2025-08-14,14.2,14.3,13.77,14.14,408100,0.0,0.0,DOMO
2025-08-13,14.7,14.82,14.08,14.4,459600,0.0,0.0,DOMO
2025-08-12,14.3,14.67,13.92,14.53,424700,0.0,0.0,DOMO
2025-08-11,15.93,16.22,14.34,14.35,998300,0.0,0.0,DOMO
2025-08-08,16.44,16.6,15.77,15.97,663000,0.0,0.0,DOMO
2025-08-07,16.42,16.62,15.57,16.34,742200,0.0,0.0,DOMO
2025-08-06,16.16,16.46,15.93,16.38,465200,0.0,0.0,DOMO
2025-08-05,16.86,16.95,16.22,16.3,741200,0.0,0.0,DOMO
2025-08-04,16.35,16.94,16.35,16.69,812000,0.0,0.0,DOMO
2025-08-01,16.28,16.46,15.52,16.11,1085600,0.0,0.0,DOMO
2025-07-31,16.6,16.78,16.08,16.46,519800,0.0,0.0,DOMO
2025-07-30,16.15,16.81,15.94,16.41,688300,0.0,0.0,DOMO
2025-07-29,16.22,16.22,15.6,16.06,494400,0.0,0.0,DOMO
2025-07-28,16.07,16.31,15.71,16.06,397800,0.0,0.0,DOMO
2025-07-25,16.13,16.28,15.9,15.96,397200,0.0,0.0,DOMO
2025-07-24,16.2,16.52,15.9,16.13,481800,0.0,0.0,DOMO
2025-07-23,15.79,16.16,15.51,16.13,867200,0.0,0.0,DOMO
2025-07-22,15.7,15.93,15.25,15.75,517500,0.0,0.0,DOMO
2025-07-21,16.46,16.57,15.7,15.81,918300,0.0,0.0,DOMO
2025-07-18,14.75,16.41,14.66,16.29,1362400,0.0,0.0,DOMO
2025-07-17,13.86,14.37,13.85,14.36,420300,0.0,0.0,DOMO
2025-07-16,14.02,14.36,13.6,13.83,601100,0.0,0.0,DOMO
2025-07-15,13.47,13.87,13.27,13.85,564200,0.0,0.0,DOMO
2025-07-14,13.7,13.88,13.41,13.44,489900,0.0,0.0,DOMO
2025-07-11,14.32,14.44,13.72,13.73,653300,0.0,0.0,DOMO
2025-07-10,14.93,15.04,14.42,14.43,586600,0.0,0.0,DOMO
2025-07-09,15.0,15.05,14.62,14.98,604600,0.0,0.0,DOMO
2025-07-08,15.22,15.42,14.53,14.94,650500,0.0,0.0,DOMO
2025-07-07,14.65,15.26,14.2,15.15,758400,0.0,0.0,DOMO
2025-07-03,14.66,15.09,14.52,14.83,492100,0.0,0.0,DOMO
2025-07-02,13.86,14.82,13.62,14.54,736800,0.0,0.0,DOMO
2025-07-01,13.85,14.14,13.54,13.98,623600,0.0,0.0,DOMO
2025-06-30,14.0,14.53,13.84,13.97,664400,0.0,0.0,DOMO
2025-06-27,14.24,14.25,13.59,13.91,960300,0.0,0.0,DOMO
2025-06-26,12.7,13.98,12.36,13.89,914700,0.0,0.0,DOMO
2025-06-25,13.44,13.69,12.64,12.69,701500,0.0,0.0,DOMO
2025-06-24,12.57,13.13,12.44,13.0,752400,0.0,0.0,DOMO
2025-06-23,12.61,12.78,11.97,12.16,655400,0.0,0.0,DOMO
2025-06-20,12.67,12.82,12.57,12.7,903900,0.0,0.0,DOMO
2025-06-18,13.19,13.21,12.58,12.63,595300,0.0,0.0,DOMO
2025-06-17,13.52,13.66,13.03,13.08,364000,0.0,0.0,DOMO
2025-06-16,13.05,13.75,12.86,13.71,634000,0.0,0.0,DOMO
2025-06-13,13.38,13.46,13.01,13.04,564700,0.0,0.0,DOMO
2025-06-12,13.63,14.05,13.43,13.69,527600,0.0,0.0,DOMO
2025-06-11,13.77,13.84,13.31,13.57,784600,0.0,0.0,DOMO
2025-06-10,14.09,14.5,13.65,13.75,597500,0.0,0.0,DOMO
2025-06-09,14.75,14.75,14.12,14.25,585000,0.0,0.0,DOMO
2025-06-06,14.29,14.83,14.09,14.63,723300,0.0,0.0,DOMO
2025-06-05,13.75,14.67,13.66,14.29,991800,0.0,0.0,DOMO
2025-06-04,13.28,13.8,12.99,13.68,1010300,0.0,0.0,DOMO
2025-06-03,13.17,13.43,12.65,13.38,966200,0.0,0.0,DOMO
2025-06-02,12.68,13.53,12.53,13.21,1381600,0.0,0.0,DOMO
2025-05-30,12.64,12.73,12.33,12.7,912300,0.0,0.0,DOMO
2025-05-29,12.92,12.94,12.36,12.62,907800,0.0,0.0,DOMO
2025-05-28,13.01,13.28,12.67,12.79,1070400,0.0,0.0,DOMO
2025-05-27,11.6,13.0,11.29,12.88,1596100,0.0,0.0,DOMO
2025-05-23,10.8,11.68,10.69,11.35,1530900,0.0,0.0,DOMO
2025-05-22,9.21,11.63,9.16,10.85,4424900,0.0,0.0,DOMO
2025-05-21,8.49,8.81,8.4,8.55,504900,0.0,0.0,DOMO
2025-05-20,8.76,8.76,8.49,8.55,269900,0.0,0.0,DOMO
2025-05-19,8.82,8.86,8.68,8.71,253300,0.0,0.0,DOMO
2025-05-16,8.73,9.05,8.68,8.97,285900,0.0,0.0,DOMO
2025-05-15,8.53,8.74,8.4,8.74,217500,0.0,0.0,DOMO
2025-05-14,8.6,8.84,8.45,8.58,390000,0.0,0.0,DOMO
2025-05-13,8.7,9.05,8.56,8.63,411300,0.0,0.0,DOMO
2025-05-12,8.42,8.66,8.31,8.64,282000,0.0,0.0,DOMO
2025-05-09,8.24,8.42,8.14,8.19,209900,0.0,0.0,DOMO
2025-05-08,7.79,8.27,7.72,8.23,276300,0.0,0.0,DOMO
2025-05-07,7.55,7.73,7.45,7.72,193700,0.0,0.0,DOMO
2025-05-06,7.6,7.65,7.41,7.52,309100,0.0,0.0,DOMO
2025-05-05,7.73,7.97,7.69,7.72,176900,0.0,0.0,DOMO
2025-05-02,7.63,7.8,7.59,7.77,237900,0.0,0.0,DOMO
2025-05-01,7.55,7.65,7.44,7.53,188200,0.0,0.0,DOMO
2025-04-30,7.37,7.49,7.22,7.43,193800,0.0,0.0,DOMO
2025-04-29,7.57,7.66,7.49,7.57,192500,0.0,0.0,DOMO
2025-04-28,7.45,7.65,7.44,7.58,211500,0.0,0.0,DOMO
2025-04-25,7.23,7.53,7.1,7.5,220600,0.0,0.0,DOMO
2025-04-24,6.88,7.34,6.85,7.32,329600,0.0,0.0,DOMO
2025-04-23,6.9,7.4,6.83,6.83,416600,0.0,0.0,DOMO
2025-04-22,6.9,7.07,6.62,6.74,503500,0.0,0.0,DOMO
2025-04-21,6.83,6.9,6.68,6.82,454000,0.0,0.0,DOMO
2025-04-17,7.22,7.22,6.74,6.93,466200,0.0,0.0,DOMO
2025-04-16,8.04,8.04,7.03,7.13,307400,0.0,0.0,DOMO
2025-04-15,8.11,8.36,8.02,8.23,353900,0.0,0.0,DOMO
2025-04-14,8.19,8.5,7.96,8.06,334200,0.0,0.0,DOMO
2025-04-11,8.22,8.46,7.76,8.22,360800,0.0,0.0,DOMO
2025-04-10,7.95,8.3,7.86,8.26,378600,0.0,0.0,DOMO
2025-04-09,7.5,8.28,7.26,8.16,461600,0.0,0.0,DOMO
2025-04-08,7.55,8.16,7.39,7.51,824700,0.0,0.0,DOMO
2025-04-07,6.85,7.49,6.71,7.18,704700,0.0,0.0,DOMO
2025-04-04,6.9,7.0,6.01,6.64,909100,0.0,0.0,DOMO
2025-04-03,7.79,7.79,7.09,7.16,435200,0.0,0.0,DOMO
2025-04-02,7.77,8.09,7.74,8.09,361600,0.0,0.0,DOMO
2025-04-01,7.75,7.98,7.73,7.9,307100,0.0,0.0,DOMO
2025-03-31,7.76,7.84,7.58,7.76,379700,0.0,0.0,DOMO
2025-03-28,8.21,8.22,7.82,7.96,378500,0.0,0.0,DOMO
2025-03-27,8.59,8.59,8.24,8.26,204200,0.0,0.0,DOMO
2025-03-26,8.82,8.88,8.36,8.68,377400,0.0,0.0,DOMO
2025-03-25,8.95,9.01,8.76,8.81,344100,0.0,0.0,DOMO
2025-03-24,8.43,9.02,8.43,8.97,489200,0.0,0.0,DOMO
2025-03-21,8.28,8.39,8.09,8.29,465800,0.0,0.0,DOMO
2025-03-20,8.15,8.38,8.05,8.29,391700,0.0,0.0,DOMO
2025-03-19,8.72,8.72,8.24,8.27,197500,0.0,0.0,DOMO
2025-03-18,8.46,8.76,8.39,8.66,343400,0.0,0.0,DOMO
2025-03-17,8.38,8.56,8.12,8.53,323700,0.0,0.0,DOMO
2025-03-14,8.39,8.56,8.34,8.49,359500,0.0,0.0,DOMO
2025-03-13,8.52,8.56,8.07,8.21,506700,0.0,0.0,DOMO
2025-03-12,8.12,8.65,8.07,8.57,437400,0.0,0.0,DOMO
2025-03-11,8.0,8.32,7.83,8.05,443900,0.0,0.0,DOMO
2025-03-10,8.09,8.12,7.83,8.01,506400,0.0,0.0,DOMO
2025-03-07,7.6,8.28,7.11,8.18,944100,0.0,0.0,DOMO
2025-03-06,7.57,7.7,7.0,7.05,551900,0.0,0.0,DOMO
2025-03-05,7.74,7.86,7.57,7.73,220900,0.0,0.0,DOMO
2025-03-04,7.4,7.73,7.22,7.72,240900,0.0,0.0,DOMO
2025-03-03,7.64,7.73,7.49,7.51,217400,0.0,0.0,DOMO
2025-02-28,7.68,7.71,7.42,7.6,231500,0.0,0.0,DOMO
2025-02-27,7.86,7.97,7.68,7.72,216700,0.0,0.0,DOMO
2025-02-26,7.64,7.86,7.6,7.83,197500,0.0,0.0,DOMO
2025-02-25,7.88,7.91,7.61,7.62,269700,0.0,0.0,DOMO
2025-02-24,8.2,8.2,7.82,7.9,246400,0.0,0.0,DOMO
2025-02-21,8.51,8.59,8.11,8.16,260200,0.0,0.0,DOMO
2025-02-20,8.72,8.72,8.38,8.45,171800,0.0,0.0,DOMO
2025-02-19,8.79,8.79,8.55,8.61,315700,0.0,0.0,DOMO
2025-02-18,9.06,9.1,8.61,8.87,309900,0.0,0.0,DOMO
2025-02-14,9.19,9.25,8.92,9.05,306600,0.0,0.0,DOMO
2025-02-13,8.98,9.18,8.84,9.15,279700,0.0,0.0,DOMO
2025-02-12,8.65,9.13,8.48,8.97,378100,0.0,0.0,DOMO
2025-02-11,8.76,9.25,8.46,8.8,502800,0.0,0.0,DOMO
2025-02-10,8.54,8.64,8.34,8.38,120600,0.0,0.0,DOMO
2025-02-07,8.42,8.55,8.25,8.38,208900,0.0,0.0,DOMO
2025-02-06,8.76,8.76,8.36,8.44,229600,0.0,0.0,DOMO
2025-02-05,9.32,9.38,8.66,8.73,440300,0.0,0.0,DOMO
2025-02-04,8.97,9.53,8.89,9.14,1586800,0.0,0.0,DOMO
2025-02-03,8.24,8.95,8.2,8.84,534200,0.0,0.0,DOMO
2025-01-31,8.31,8.61,8.29,8.47,293200,0.0,0.0,DOMO
2025-01-30,8.05,8.35,8.05,8.26,234200,0.0,0.0,DOMO
2025-01-29,8.04,8.04,7.74,7.99,201800,0.0,0.0,DOMO
2025-01-28,8.0,8.15,7.82,8.07,233300,0.0,0.0,DOMO
2025-01-27,7.51,8.01,7.48,7.95,302900,0.0,0.0,DOMO
2025-01-24,7.66,7.85,7.66,7.69,142300,0.0,0.0,DOMO
2025-01-23,7.48,7.69,7.48,7.69,197900,0.0,0.0,DOMO
2025-01-22,7.45,7.59,7.42,7.56,261300,0.0,0.0,DOMO
2025-01-21,7.35,7.48,7.24,7.45,281900,0.0,0.0,DOMO
2025-01-17,7.29,7.32,7.04,7.26,262400,0.0,0.0,DOMO
2025-01-16,6.82,7.17,6.82,7.12,303600,0.0,0.0,DOMO
2025-01-15,6.79,6.84,6.68,6.79,265500,0.0,0.0,DOMO
2025-01-14,6.71,6.77,6.54,6.62,268400,0.0,0.0,DOMO
2025-01-13,6.7,6.75,6.55,6.68,212500,0.0,0.0,DOMO
2025-01-10,6.91,6.91,6.7,6.8,240000,0.0,0.0,DOMO
2025-01-08,7.03,7.08,6.84,6.98,320500,0.0,0.0,DOMO
2025-01-07,7.38,7.38,6.91,7.11,431900,0.0,0.0,DOMO
2025-01-06,7.18,7.31,7.09,7.27,328700,0.0,0.0,DOMO
2025-01-03,7.14,7.2,7.01,7.11,370400,0.0,0.0,DOMO
2025-01-02,7.18,7.27,7.01,7.09,242700,0.0,0.0,DOMO
2024-12-31,7.3,7.39,7.07,7.08,287200,0.0,0.0,DOMO
2024-12-30,7.23,7.32,7.05,7.22,251600,0.0,0.0,DOMO
2024-12-27,7.43,7.47,7.16,7.37,242800,0.0,0.0,DOMO
2024-12-26,7.02,7.46,6.96,7.42,294900,0.0,0.0,DOMO
2024-12-24,7.05,7.15,6.98,7.07,159500,0.0,0.0,DOMO
2024-12-23,7.12,7.12,6.92,7.06,483000,0.0,0.0,DOMO
2024-12-20,7.05,7.31,7.0,7.13,723200,0.0,0.0,DOMO
2024-12-19,7.31,7.38,7.13,7.15,324500,0.0,0.0,DOMO
2024-12-18,7.73,7.81,7.15,7.23,451600,0.0,0.0,DOMO
2024-12-17,7.37,7.73,7.21,7.69,478500,0.0,0.0,DOMO
2024-12-16,7.33,7.53,7.3,7.41,344500,0.0,0.0,DOMO
2024-12-13,7.72,7.72,7.32,7.34,297200,0.0,0.0,DOMO
2024-12-12,7.78,7.93,7.7,7.72,239800,0.0,0.0,DOMO
2024-12-11,7.78,8.01,7.67,7.85,348100,0.0,0.0,DOMO
2024-12-10,7.81,7.85,7.58,7.67,473800,0.0,0.0,DOMO
2024-12-09,8.01,8.15,7.81,7.9,760400,0.0,0.0,DOMO
2024-12-06,9.19,9.84,7.7,7.98,1247500,0.0,0.0,DOMO
2024-12-05,9.92,10.15,9.66,9.74,470300,0.0,0.0,DOMO
2024-12-04,9.86,10.0,9.75,9.98,350100,0.0,0.0,DOMO
2024-12-03,9.53,9.73,9.48,9.67,229400,0.0,0.0,DOMO
2024-12-02,9.45,9.6,9.39,9.53,239800,0.0,0.0,DOMO
2024-11-29,9.45,9.47,9.32,9.36,90900,0.0,0.0,DOMO
2024-11-27,9.37,9.39,9.14,9.28,164300,0.0,0.0,DOMO
2024-11-26,9.38,9.54,9.33,9.34,176100,0.0,0.0,DOMO
2024-11-25,9.59,9.76,9.44,9.44,209200,0.0,0.0,DOMO
2024-11-22,9.19,9.66,9.17,9.45,256400,0.0,0.0,DOMO
2024-11-21,8.88,9.19,8.88,9.08,178300,0.0,0.0,DOMO
2024-11-20,8.77,8.84,8.54,8.79,139300,0.0,0.0,DOMO
2024-11-19,8.42,8.83,8.31,8.77,246300,0.0,0.0,DOMO
2024-11-18,8.47,8.64,8.35,8.48,334700,0.0,0.0,DOMO
2024-11-15,8.87,8.87,8.34,8.46,215600,0.0,0.0,DOMO
2024-11-14,9.1,9.15,8.77,8.81,166900,0.0,0.0,DOMO
2024-11-13,8.96,9.26,8.9,9.1,223800,0.0,0.0,DOMO
2024-11-12,9.03,9.13,8.89,8.94,273100,0.0,0.0,DOMO
2024-11-11,9.09,9.32,8.98,9.07,280000,0.0,0.0,DOMO
2024-11-08,9.1,9.18,8.87,9.01,174700,0.0,0.0,DOMO
2024-11-07,8.83,9.14,8.79,9.08,246400,0.0,0.0,DOMO
2024-11-06,8.44,8.94,8.43,8.79,427300,0.0,0.0,DOMO
2024-11-05,8.08,8.33,8.07,8.26,260900,0.0,0.0,DOMO
2024-11-04,7.8,8.17,7.77,8.05,213900,0.0,0.0,DOMO
2024-11-01,7.94,7.99,7.76,7.81,191600,0.0,0.0,DOMO
2024-10-31,8.29,8.29,7.95,7.95,178800,0.0,0.0,DOMO
2024-10-30,8.44,8.5,8.26,8.29,146300,0.0,0.0,DOMO
2024-10-29,8.08,8.53,8.07,8.39,248700,0.0,0.0,DOMO
2024-10-28,8.2,8.2,8.05,8.1,190200,0.0,0.0,DOMO
2024-10-25,7.74,8.14,7.7,8.09,324500,0.0,0.0,DOMO
2024-10-24,7.61,7.7,7.51,7.67,185400,0.0,0.0,DOMO
2024-10-23,7.55,7.66,7.39,7.55,300500,0.0,0.0,DOMO
2024-10-22,7.94,7.98,7.53,7.56,368200,0.0,0.0,DOMO
2024-10-21,7.78,8.02,7.48,7.96,383500,0.0,0.0,DOMO
2024-10-18,7.87,7.93,7.68,7.78,381600,0.0,0.0,DOMO
2024-10-17,7.49,7.83,7.42,7.83,537300,0.0,0.0,DOMO
2024-10-16,7.47,7.66,7.34,7.47,410100,0.0,0.0,DOMO
2024-10-15,7.38,7.67,7.38,7.41,491500,0.0,0.0,DOMO
2024-10-14,7.4,7.51,7.35,7.41,224400,0.0,0.0,DOMO
2024-10-11,7.42,7.53,7.37,7.4,299000,0.0,0.0,DOMO
2024-10-10,7.51,7.55,7.31,7.42,166000,0.0,0.0,DOMO
2024-10-09,7.45,7.65,7.39,7.59,261200,0.0,0.0,DOMO
2024-10-08,7.29,7.56,7.29,7.45,277700,0.0,0.0,DOMO
2024-10-07,7.27,7.45,7.22,7.3,218000,0.0,0.0,DOMO
2024-10-04,7.07,7.39,6.99,7.34,361100,0.0,0.0,DOMO
2024-10-03,7.12,7.13,6.99,7.03,229900,0.0,0.0,DOMO
2024-10-02,7.06,7.3,6.98,7.19,338200,0.0,0.0,DOMO
2024-10-01,7.55,7.55,7.06,7.14,281400,0.0,0.0,DOMO
2024-09-30,7.27,7.64,7.27,7.51,341500,0.0,0.0,DOMO
2024-09-27,7.01,7.35,6.99,7.27,332700,0.0,0.0,DOMO
2024-09-26,7.07,7.07,6.9,6.97,286600,0.0,0.0,DOMO
2024-09-25,6.95,7.07,6.89,6.98,263000,0.0,0.0,DOMO
2024-09-24,6.85,7.08,6.78,6.98,317400,0.0,0.0,DOMO
2024-09-23,6.99,6.99,6.69,6.8,627300,0.0,0.0,DOMO
2024-09-20,6.96,7.07,6.95,7.02,656100,0.0,0.0,DOMO
2025-09-19,253.25,256.0,251.81,254.72,55472500,0.0,0.0,GOOGL
2025-09-18,251.68,253.99,249.8,252.03,31239500,0.0,0.0,GOOGL
2025-09-17,251.22,251.6,246.28,249.53,34108000,0.0,0.0,GOOGL
2025-09-16,252.08,253.04,249.47,251.16,34109700,0.0,0.0,GOOGL
2025-09-15,244.66,252.41,244.66,251.61,58383800,0.0,0.0,GOOGL
2025-09-12,240.37,242.08,238.0,240.8,26771600,0.0,0.0,GOOGL
2025-09-11,239.88,242.25,236.25,240.37,30599300,0.0,0.0,GOOGL
2025-09-10,238.9,241.66,237.85,239.17,35141100,0.0,0.0,GOOGL
2025-09-09,234.17,240.47,233.23,239.63,38061000,0.0,0.0,GOOGL
2025-09-08,235.47,238.13,233.67,234.04,32474700,0.21,0.0,GOOGL
2025-09-05,231.99,235.55,231.69,234.79,46588900,0.0,0.0,GOOGL
2025-09-04,229.44,232.16,225.91,232.09,51684200,0.0,0.0,GOOGL
2025-09-03,226.01,231.1,224.59,230.45,103336100,0.0,0.0,GOOGL
2025-09-02,208.25,211.49,206.02,211.16,47523000,0.0,0.0,GOOGL
2025-08-29,210.32,214.46,210.01,212.72,39728400,0.0,0.0,GOOGL
2025-08-28,207.06,212.03,206.72,211.45,32339300,0.0,0.0,GOOGL
2025-08-27,205.52,208.72,205.47,207.29,23022900,0.0,0.0,GOOGL
2025-08-26,207.32,207.66,205.52,206.95,28464100,0.0,0.0,GOOGL
2025-08-25,206.25,210.33,205.1,208.3,29928900,0.0,0.0,GOOGL
2025-08-22,202.55,208.35,201.12,205.91,42827000,0.0,0.0,GOOGL
2025-08-21,199.57,202.3,199.25,199.57,19774600,0.0,0.0,GOOGL
2025-08-20,200.55,201.1,196.42,199.14,28955500,0.0,0.0,GOOGL
2025-08-19,202.85,203.26,199.78,201.39,24240200,0.0,0.0,GOOGL
2025-08-18,204.02,205.09,202.31,203.32,18526600,0.0,0.0,GOOGL
2025-08-15,203.67,206.26,201.1,203.72,34931400,0.0,0.0,GOOGL
2025-08-14,201.32,204.26,201.05,202.76,25230400,0.0,0.0,GOOGL
2025-08-13,203.95,204.35,197.33,201.78,28342900,0.0,0.0,GOOGL
2025-08-12,201.19,204.32,200.41,203.16,30397900,0.0,0.0,GOOGL
2025-08-11,200.76,201.3,198.89,200.82,25832400,0.0,0.0,GOOGL
2025-08-08,197.04,202.43,196.99,201.24,39161800,0.0,0.0,GOOGL
2025-08-07,196.88,197.36,194.16,196.34,26321800,0.0,0.0,GOOGL
2025-08-06,194.33,196.45,193.5,195.91,21562900,0.0,0.0,GOOGL
2025-08-05,194.54,197.68,193.72,194.5,31602300,0.0,0.0,GOOGL
2025-08-04,190.12,195.1,189.95,194.87,31547400,0.0,0.0,GOOGL
2025-08-01,188.86,190.66,187.65,188.96,34832200,0.0,0.0,GOOGL
2025-07-31,195.54,195.81,190.92,191.73,51329200,0.0,0.0,GOOGL
2025-07-30,195.43,197.42,194.52,196.35,32445400,0.0,0.0,GOOGL
2025-07-29,192.26,195.74,191.91,195.58,41389200,0.0,0.0,GOOGL
2025-07-28,193.48,193.88,190.67,192.41,38139500,0.0,0.0,GOOGL
2025-07-25,191.81,194.16,191.09,193.01,39785900,0.0,0.0,GOOGL
2025-07-24,196.85,197.77,190.83,192.0,74881700,0.0,0.0,GOOGL
2025-07-23,191.33,192.36,189.01,190.06,58681900,0.0,0.0,GOOGL
2025-07-22,191.33,191.48,187.29,191.17,44660200,0.0,0.0,GOOGL
2025-07-21,186.08,190.12,185.98,189.93,45803100,0.0,0.0,GOOGL
2025-07-18,185.23,186.25,183.55,184.89,34014500,0.0,0.0,GOOGL
2025-07-17,181.98,183.9,180.32,183.42,31992600,0.0,0.0,GOOGL
2025-07-16,183.08,184.17,181.87,182.81,33104200,0.0,0.0,GOOGL
2025-07-15,182.65,184.06,181.44,181.84,33448300,0.0,0.0,GOOGL
2025-07-14,180.85,183.51,179.52,181.4,32536600,0.0,0.0,GOOGL
2025-07-11,176.63,181.27,176.32,180.03,34282900,0.0,0.0,GOOGL
2025-07-10,175.47,178.27,174.22,177.46,29252400,0.0,0.0,GOOGL
2025-07-09,175.09,179.28,172.62,176.46,43025600,0.0,0.0,GOOGL
2025-07-08,177.69,177.79,172.66,174.2,40442500,0.0,0.0,GOOGL
2025-07-07,178.9,179.14,175.52,176.63,34175600,0.0,0.0,GOOGL
2025-07-03,178.34,179.51,176.89,179.37,21689700,0.0,0.0,GOOGL
2025-07-02,175.38,178.7,174.91,178.48,29128900,0.0,0.0,GOOGL
2025-07-01,175.58,175.93,173.37,175.68,35904500,0.0,0.0,GOOGL
2025-06-30,180.62,181.07,174.42,176.07,63378900,0.0,0.0,GOOGL
2025-06-27,173.38,178.52,171.58,178.37,108140200,0.0,0.0,GOOGL
2025-06-26,172.28,173.53,169.79,173.38,31796700,0.0,0.0,GOOGL
2025-06-25,167.48,172.21,167.4,170.53,35479000,0.0,0.0,GOOGL
2025-06-24,166.77,168.07,165.98,166.62,40524300,0.0,0.0,GOOGL
2025-06-23,166.12,167.19,161.86,165.04,57671000,0.0,0.0,GOOGL
2025-06-20,173.79,174.18,165.31,166.49,75659900,0.0,0.0,GOOGL
2025-06-18,175.85,176.4,173.05,173.17,28707500,0.0,0.0,GOOGL
2025-06-17,175.54,177.2,174.42,175.79,24973000,0.0,0.0,GOOGL
2025-06-16,174.57,176.78,174.49,176.61,27389200,0.0,0.0,GOOGL
2025-06-13,172.29,176.97,172.24,174.51,27663100,0.0,0.0,GOOGL
2025-06-12,176.02,176.56,174.59,175.54,20941900,0.0,0.0,GOOGL
2025-06-11,179.61,180.21,176.59,177.19,31646800,0.0,0.0,GOOGL
2025-06-10,176.04,180.95,174.75,178.44,61766100,0.0,0.0,GOOGL
2025-06-09,174.38,176.31,174.21,175.93,28935900,0.21,0.0,GOOGL
2025-06-06,170.47,174.13,170.47,173.31,35731800,0.0,0.0,GOOGL
2025-06-05,169.98,170.57,167.24,167.86,36379100,0.0,0.0,GOOGL
2025-06-04,166.39,167.87,166.01,167.7,26900800,0.0,0.0,GOOGL
2025-06-03,167.14,168.13,164.93,165.83,45084900,0.0,0.0,GOOGL
2025-06-02,167.49,169.51,167.04,168.67,38612300,0.0,0.0,GOOGL
2025-05-30,170.99,171.85,167.09,171.38,52639900,0.0,0.0,GOOGL
2025-05-29,173.63,174.05,170.27,171.5,29317300,0.0,0.0,GOOGL
2025-05-28,172.8,174.9,171.55,172.0,34784000,0.0,0.0,GOOGL
2025-05-27,169.8,172.81,169.64,172.54,37995700,0.0,0.0,GOOGL
2025-05-23,168.7,169.6,167.54,168.12,35211400,0.0,0.0,GOOGL
2025-05-22,171.49,176.4,170.35,170.51,74864400,0.0,0.0,GOOGL
2025-05-21,163.35,172.78,163.22,168.21,73416000,0.0,0.0,GOOGL
2025-05-20,166.08,168.15,162.56,163.64,46607700,0.0,0.0,GOOGL
2025-05-19,164.16,166.29,163.87,166.19,30426100,0.0,0.0,GOOGL
2025-05-16,167.38,168.99,165.27,165.84,42846900,0.0,0.0,GOOGL
2025-05-15,165.49,165.86,162.03,163.62,33146700,0.0,0.0,GOOGL
2025-05-14,159.62,166.65,159.27,165.02,48755900,0.0,0.0,GOOGL
2025-05-13,158.46,160.23,155.83,159.19,42382100,0.0,0.0,GOOGL
2025-05-12,157.16,158.77,155.92,158.13,44138800,0.0,0.0,GOOGL
2025-05-09,153.85,154.72,151.88,152.43,32435300,0.0,0.0,GOOGL
2025-05-08,154.67,155.6,152.58,153.96,57498700,0.0,0.0,GOOGL
2025-05-07,163.74,164.65,147.53,151.06,127490100,0.0,0.0,GOOGL
2025-05-06,161.83,164.45,160.85,162.89,21277200,0.0,0.0,GOOGL
2025-05-05,162.66,165.04,162.38,163.86,21341800,0.0,0.0,GOOGL
2025-05-02,163.07,164.62,161.53,163.69,25715000,0.0,0.0,GOOGL
2025-05-01,160.11,161.61,158.58,160.96,30203200,0.0,0.0,GOOGL
2025-04-30,157.65,158.94,155.07,158.47,34981100,0.0,0.0,GOOGL
2025-04-29,159.98,160.4,157.19,159.82,26809000,0.0,0.0,GOOGL
2025-04-28,162.09,162.81,158.27,160.27,29745800,0.0,0.0,GOOGL
2025-04-25,164.72,165.75,160.7,161.62,56034000,0.0,0.0,GOOGL
2025-04-24,155.82,159.25,155.46,158.95,45894000,0.0,0.0,GOOGL
2025-04-23,155.28,157.2,153.49,155.02,31128800,0.0,0.0,GOOGL
2025-04-22,148.58,151.87,148.23,151.15,26971800,0.0,0.0,GOOGL
2025-04-21,148.57,148.64,145.79,147.36,26049100,0.0,0.0,GOOGL
2025-04-17,153.97,154.35,148.19,150.84,33046600,0.0,0.0,GOOGL
2025-04-16,152.78,155.56,151.19,153.01,28187400,0.0,0.0,GOOGL
2025-04-15,158.8,159.31,154.88,155.98,27551500,0.0,0.0,GOOGL
2025-04-14,159.66,161.38,157.23,158.74,30333000,0.0,0.0,GOOGL
2025-04-11,152.58,157.34,152.5,156.81,33636200,0.0,0.0,GOOGL
2025-04-10,156.21,157.39,149.61,152.5,48022000,0.0,0.0,GOOGL
2025-04-09,144.12,159.21,143.61,158.38,70406200,0.0,0.0,GOOGL
2025-04-08,150.9,151.92,142.73,144.4,52200200,0.0,0.0,GOOGL
2025-04-07,141.25,152.53,140.23,146.44,76794100,0.0,0.0,GOOGL
2025-04-04,147.7,150.75,145.07,145.29,62259500,0.0,0.0,GOOGL
2025-04-03,150.79,152.46,150.07,150.4,46883400,0.0,0.0,GOOGL
2025-04-02,154.82,158.08,154.37,156.71,25041700,0.0,0.0,GOOGL
2025-04-01,153.3,157.77,153.3,156.74,30672900,0.0,0.0,GOOGL
2025-03-31,152.79,155.21,150.34,154.32,54603500,0.0,0.0,GOOGL
2025-03-28,160.15,161.48,153.31,154.01,48669300,0.0,0.0,GOOGL
2025-03-27,164.28,165.07,161.66,161.9,24508300,0.0,0.0,GOOGL
2025-03-26,168.64,169.25,164.49,164.71,28901600,0.0,0.0,GOOGL
2025-03-25,168.62,170.27,167.97,170.2,24174400,0.0,0.0,GOOGL
2025-03-24,166.72,167.97,164.79,167.33,30879100,0.0,0.0,GOOGL
2025-03-21,160.87,163.89,160.55,163.65,36625800,0.0,0.0,GOOGL
2025-03-20,161.23,164.54,160.62,162.46,28138500,0.0,0.0,GOOGL
2025-03-19,161.42,165.52,160.66,163.55,34275600,0.0,0.0,GOOGL
2025-03-18,163.34,163.9,156.39,160.33,42074800,0.0,0.0,GOOGL
2025-03-17,164.68,165.95,163.33,163.94,31184300,0.0,0.0,GOOGL
2025-03-14,162.93,166.14,162.11,165.14,31995900,0.0,0.0,GOOGL
2025-03-13,165.69,165.78,161.77,162.42,31756200,0.0,0.0,GOOGL
2025-03-12,166.23,167.29,163.19,166.76,28372400,0.0,0.0,GOOGL
2025-03-11,164.56,166.4,161.03,163.7,39587400,0.0,0.0,GOOGL
2025-03-10,167.91,168.11,163.35,165.52,43604000,0.2,0.0,GOOGL
2025-03-07,170.7,174.4,169.72,173.3,27385800,0.0,0.0,GOOGL
2025-03-06,169.98,174.24,169.95,171.79,28302000,0.0,0.0,GOOGL
2025-03-05,169.97,173.22,168.51,172.46,30954900,0.0,0.0,GOOGL
2025-03-04,165.7,172.73,165.26,170.36,45388000,0.0,0.0,GOOGL
2025-03-03,171.37,172.81,165.39,166.47,40770500,0.0,0.0,GOOGL
2025-02-28,168.13,170.06,166.23,169.73,48130600,0.0,0.0,GOOGL
2025-02-27,173.42,173.99,167.39,167.95,39991000,0.0,0.0,GOOGL
2025-02-26,174.5,175.51,171.02,172.17,35431300,0.0,0.0,GOOGL
2025-02-25,177.46,178.16,174.12,174.85,41913400,0.0,0.0,GOOGL
2025-02-24,181.4,182.52,178.31,178.67,29854200,0.0,0.0,GOOGL
2025-02-21,184.55,184.74,178.5,179.08,35199200,0.0,0.0,GOOGL
2025-02-20,184.2,184.71,182.13,183.96,20441500,0.0,0.0,GOOGL
2025-02-19,183.47,184.86,182.99,184.67,19549400,0.0,0.0,GOOGL
2025-02-18,185.0,185.36,181.15,183.17,29916700,0.0,0.0,GOOGL
2025-02-14,184.46,185.79,183.72,184.63,20448400,0.0,0.0,GOOGL
2025-02-13,183.72,185.67,182.54,185.54,21402500,0.0,0.0,GOOGL
2025-02-12,182.62,184.51,181.24,183.01,22072600,0.0,0.0,GOOGL
2025-02-11,184.43,186.33,183.68,184.72,21239500,0.0,0.0,GOOGL
2025-02-10,186.74,187.59,185.26,185.86,23105600,0.0,0.0,GOOGL
2025-02-07,190.43,190.56,182.64,184.74,49315000,0.0,0.0,GOOGL
2025-02-06,188.88,191.48,188.11,190.98,29297400,0.0,0.0,GOOGL
2025-02-05,190.45,192.12,187.42,190.71,70373900,0.0,0.0,GOOGL
2025-02-04,202.73,206.38,202.15,205.71,43856400,0.0,0.0,GOOGL
2025-02-03,200.04,203.09,199.45,200.58,27838300,0.0,0.0,GOOGL
2025-01-31,201.34,204.81,201.14,203.36,32001100,0.0,0.0,GOOGL
2025-01-30,197.36,200.75,197.03,200.22,24354700,0.0,0.0,GOOGL
2025-01-29,194.92,196.15,192.8,194.77,18218300,0.0,0.0,GOOGL
2025-01-28,192.12,194.84,190.06,194.67,24157900,0.0,0.0,GOOGL
2025-01-27,191.78,196.24,190.11,191.19,41728900,0.0,0.0,GOOGL
2025-01-24,197.46,200.25,197.36,199.56,23877500,0.0,0.0,GOOGL
2025-01-23,197.5,199.65,194.57,197.34,26951400,0.0,0.0,GOOGL
2025-01-22,198.41,199.83,196.89,197.73,26200600,0.0,0.0,GOOGL
2025-01-21,198.42,201.63,197.23,197.41,29971300,0.0,0.0,GOOGL
2025-01-17,195.89,196.59,193.12,195.36,27735100,0.0,0.0,GOOGL
2025-01-16,193.51,194.84,192.18,192.28,17815400,0.0,0.0,GOOGL
2025-01-15,192.46,195.72,191.24,194.91,21776000,0.0,0.0,GOOGL
2025-01-14,190.62,191.36,187.7,189.04,17174900,0.0,0.0,GOOGL
2025-01-13,189.45,190.56,186.75,190.39,21823700,0.0,0.0,GOOGL
2025-01-10,193.67,195.88,189.69,191.42,26665200,0.0,0.0,GOOGL
2025-01-08,191.94,195.65,191.75,193.32,24864800,0.0,0.0,GOOGL
2025-01-07,196.47,200.35,193.97,194.85,26487200,0.0,0.0,GOOGL
2025-01-06,193.35,197.58,193.22,196.23,29563600,0.0,0.0,GOOGL
2025-01-03,190.75,192.58,189.36,191.17,18596200,0.0,0.0,GOOGL
2025-01-02,190.03,191.38,186.89,188.81,20370800,0.0,0.0,GOOGL
2024-12-31,190.46,191.34,187.9,188.68,17466900,0.0,0.0,GOOGL
2024-12-30,189.18,191.92,188.51,190.62,14264700,0.0,0.0,GOOGL
2024-12-27,194.32,194.69,190.03,192.13,18891400,0.0,0.0,GOOGL
2024-12-26,194.52,196.11,193.75,194.96,12046600,0.0,0.0,GOOGL
2024-12-24,194.21,195.47,193.15,195.47,10403300,0.0,0.0,GOOGL
2024-12-23,191.99,194.47,189.53,194.0,25675000,0.0,0.0,GOOGL
2024-12-20,185.18,192.26,184.62,190.79,63462900,0.0,0.0,GOOGL
2024-12-19,191.01,192.4,187.77,187.9,32265200,0.0,0.0,GOOGL
2024-12-18,194.59,196.36,187.13,187.79,34166100,0.0,0.0,GOOGL
2024-12-17,196.61,200.77,194.35,194.78,43504000,0.0,0.0,GOOGL
2024-12-16,192.24,198.35,191.99,196.02,44934900,0.0,0.0,GOOGL
2024-12-13,190.39,192.1,189.02,189.2,25143500,0.0,0.0,GOOGL
2024-12-12,194.37,194.55,191.09,191.34,34817500,0.0,0.0,GOOGL
2024-12-11,184.71,194.97,184.25,194.77,67894100,0.0,0.0,GOOGL
2024-12-10,182.26,185.75,180.46,184.57,54813000,0.0,0.0,GOOGL
2024-12-09,173.39,175.69,173.09,174.8,25389600,0.2,0.0,GOOGL
2024-12-06,171.27,174.31,171.11,173.94,21462400,0.0,0.0,GOOGL
2024-12-05,174.59,175.29,171.57,171.88,21356200,0.0,0.0,GOOGL
2024-12-04,170.4,174.14,170.31,173.6,31615100,0.0,0.0,GOOGL
2024-12-03,170.74,171.92,170.1,170.59,22248700,0.0,0.0,GOOGL
2024-12-02,168.03,171.32,167.83,170.74,23789100,0.0,0.0,GOOGL
2024-11-29,167.76,168.69,166.43,168.21,14257200,0.0,0.0,GOOGL
2024-11-27,168.26,168.74,167.28,168.49,19266500,0.0,0.0,GOOGL
2024-11-26,166.89,169.07,166.84,168.38,20486700,0.0,0.0,GOOGL
2024-11-25,165.36,167.89,164.88,166.91,33135300,0.0,0.0,GOOGL
2024-11-22,165.12,165.73,163.18,164.04,38604600,0.0,0.0,GOOGL
2024-11-21,173.14,173.37,162.98,166.89,59734400,0.0,0.0,GOOGL
2024-11-20,176.56,176.9,173.02,175.21,18997100,0.0,0.0,GOOGL
2024-11-19,172.96,178.08,172.8,177.34,23434900,0.0,0.0,GOOGL
2024-11-18,172.66,174.67,172.14,174.53,20135300,0.0,0.0,GOOGL
2024-11-15,172.97,173.38,170.47,171.73,32504600,0.0,0.0,GOOGL
2024-11-14,177.5,178.03,173.55,174.81,31007500,0.0,0.0,GOOGL
2024-11-13,179.67,180.17,177.76,178.09,23184000,0.0,0.0,GOOGL
2024-11-12,179.03,181.69,178.6,180.82,25134900,0.0,0.0,GOOGL
2024-11-11,177.8,179.76,177.69,179.56,17450400,0.0,0.0,GOOGL
2024-11-08,179.86,180.11,177.3,177.57,22006200,0.0,0.0,GOOGL
2024-11-07,176.63,180.28,176.41,179.96,25352900,0.0,0.0,GOOGL
2024-11-06,173.04,176.16,172.74,175.74,33695500,0.0,0.0,GOOGL
2024-11-05,168.69,169.78,168.1,168.99,18242100,0.0,0.0,GOOGL
2024-11-04,169.18,169.98,167.27,168.5,21492700,0.0,0.0,GOOGL
2024-11-01,169.32,171.56,168.14,170.54,31796500,0.0,0.0,GOOGL
2024-10-31,172.37,176.04,170.25,170.36,44769000,0.0,0.0,GOOGL
2024-10-30,179.89,181.22,173.3,173.69,68890800,0.0,0.0,GOOGL
2024-10-29,166.99,169.63,166.36,168.93,42169000,0.0,0.0,GOOGL
2024-10-28,168.01,168.01,163.23,165.99,32138600,0.0,0.0,GOOGL
2024-10-25,162.95,164.86,162.7,164.54,19828900,0.0,0.0,GOOGL
2024-10-24,162.12,162.61,160.3,162.01,22412500,0.0,0.0,GOOGL
2024-10-23,164.04,165.09,161.22,162.07,18280500,0.0,0.0,GOOGL
2024-10-22,162.26,165.04,162.26,164.41,16568100,0.0,0.0,GOOGL
2024-10-21,162.23,163.78,161.91,163.35,20946500,0.0,0.0,GOOGL
2024-10-18,162.47,163.99,162.36,162.7,19757700,0.0,0.0,GOOGL
2024-10-17,165.0,165.64,162.05,162.21,21453400,0.0,0.0,GOOGL
2024-10-16,163.81,165.07,163.02,164.43,16406000,0.0,0.0,GOOGL
2024-10-15,165.06,166.94,163.91,164.73,20247200,0.0,0.0,GOOGL
2024-10-14,162.92,165.5,162.68,164.24,19016100,0.0,0.0,GOOGL
2024-10-11,161.42,163.18,160.53,162.52,15344300,0.0,0.0,GOOGL
2024-10-10,160.16,162.35,159.7,161.37,14144100,0.0,0.0,GOOGL
2024-10-09,162.73,164.12,159.04,161.15,31181800,0.0,0.0,GOOGL
2024-10-08,163.22,164.01,162.15,163.66,23072700,0.0,0.0,GOOGL
2024-10-07,166.98,167.74,162.04,162.26,22463100,0.0,0.0,GOOGL
2024-10-04,167.32,167.49,164.75,166.33,19047400,0.0,0.0,GOOGL
2024-10-03,163.69,165.91,163.2,165.13,15073100,0.0,0.0,GOOGL
2024-10-02,165.69,166.78,164.01,165.13,17760200,0.0,0.0,GOOGL
2024-10-01,166.95,168.42,163.86,166.26,28338100,0.0,0.0,GOOGL
2024-09-30,162.6,165.42,162.54,165.12,20413900,0.0,0.0,GOOGL
2024-09-27,162.1,164.97,161.92,163.23,21101300,0.0,0.0,GOOGL
2024-09-26,162.92,163.36,161.57,162.02,20319300,0.0,0.0,GOOGL
2024-09-25,160.76,162.1,160.59,160.78,18869200,0.0,0.0,GOOGL
2024-09-24,162.31,162.5,159.98,161.58,23332100,0.0,0.0,GOOGL
2024-09-23,163.63,164.76,160.96,161.14,24150900,0.0,0.0,GOOGL
2024-09-20,162.78,163.01,161.35,162.87,40896400,0.0,0.0,GOOGL
2025-09-19,510.56,519.3,510.31,517.93,52371500,0.0,0.0,MSFT
2025-09-18,511.49,513.07,507.66,508.45,18913700,0.0,0.0,MSFT
2025-09-17,510.62,511.29,505.93,510.02,15816600,0.0,0.0,MSFT
2025-09-16,516.88,517.23,508.6,509.04,19711900,0.0,0.0,MSFT
2025-09-15,508.79,515.47,507.0,515.36,17143800,0.0,0.0,MSFT
2025-09-12,506.65,512.55,503.85,509.9,23624900,0.0,0.0,MSFT
2025-09-11,502.25,503.17,497.88,501.01,18881600,0.0,0.0,MSFT
2025-09-10,502.98,503.23,496.72,500.37,21611800,0.0,0.0,MSFT
2025-09-09,501.43,502.25,497.7,498.41,14410500,0.0,0.0,MSFT
2025-09-08,498.11,501.2,495.03,498.2,16771000,0.0,0.0,MSFT
2025-09-05,509.07,511.97,492.37,495.0,31994800,0.0,0.0,MSFT
2025-09-04,504.3,508.15,503.15,507.97,15509500,0.0,0.0,MSFT
2025-09-03,503.79,507.79,502.32,505.35,16345100,0.0,0.0,MSFT
2025-09-02,500.47,506.0,496.81,505.12,18128000,0.0,0.0,MSFT
2025-08-29,508.66,509.6,504.49,506.69,20961600,0.0,0.0,MSFT
2025-08-28,507.09,511.09,505.5,509.64,18015600,0.0,0.0,MSFT
2025-08-27,502.0,507.29,499.9,506.74,17277900,0.0,0.0,MSFT
2025-08-26,504.36,504.98,498.51,502.04,30835700,0.0,0.0,MSFT
2025-08-25,506.63,508.19,504.12,504.26,21638600,0.0,0.0,MSFT
2025-08-22,504.25,510.73,502.41,507.23,24324200,0.0,0.0,MSFT
2025-08-21,503.69,507.63,502.72,504.24,18443300,0.83,0.0,MSFT
2025-08-20,509.03,510.16,503.61,504.89,27723000,0.0,0.0,MSFT
2025-08-19,514.15,514.31,507.72,508.93,21481000,0.0,0.0,MSFT
2025-08-18,520.73,521.96,513.18,516.25,23760600,0.0,0.0,MSFT
2025-08-15,521.91,525.24,518.23,519.32,25213300,0.0,0.0,MSFT
2025-08-14,521.7,525.09,519.29,521.62,20269100,0.0,0.0,MSFT
2025-08-13,531.24,531.83,518.52,519.73,19619200,0.0,0.0,MSFT
2025-08-12,522.89,530.11,521.84,528.37,18667000,0.0,0.0,MSFT
2025-08-11,521.44,526.72,518.87,520.91,20194400,0.0,0.0,MSFT
2025-08-08,521.74,523.8,518.56,521.18,15531000,0.0,0.0,MSFT
2025-08-07,525.94,527.22,516.7,519.99,16079100,0.0,0.0,MSFT
2025-08-06,530.03,530.83,523.17,524.08,21355700,0.0,0.0,MSFT
2025-08-05,536.3,536.42,526.37,526.88,19171600,0.0,0.0,MSFT
2025-08-04,527.4,537.37,527.26,534.76,25349000,0.0,0.0,MSFT
2025-08-01,534.12,534.92,520.01,523.25,28977600,0.0,0.0,MSFT
2025-07-31,554.32,554.54,531.03,532.62,51617300,0.0,0.0,MSFT
2025-07-30,514.32,515.1,508.6,512.4,26380400,0.0,0.0,MSFT
2025-07-29,514.68,516.77,510.72,511.73,16469200,0.0,0.0,MSFT
2025-07-28,513.24,514.15,509.28,511.66,14308000,0.0,0.0,MSFT
2025-07-25,511.63,517.44,509.52,512.87,19125700,0.0,0.0,MSFT
2025-07-24,507.93,512.83,506.47,510.04,16107000,0.0,0.0,MSFT
2025-07-23,505.92,505.96,499.88,505.04,16396600,0.0,0.0,MSFT
2025-07-22,510.13,510.36,504.44,504.44,13868600,0.0,0.0,MSFT
2025-07-21,505.88,511.25,504.72,509.22,14066800,0.0,0.0,MSFT
2025-07-18,513.64,513.8,506.6,509.21,21209700,0.0,0.0,MSFT
2025-07-17,504.85,512.53,504.79,510.86,17503100,0.0,0.0,MSFT
2025-07-16,504.35,505.89,501.07,504.79,15154400,0.0,0.0,MSFT
2025-07-15,502.19,507.47,501.96,504.99,14927200,0.0,0.0,MSFT
2025-07-14,500.7,503.14,500.21,502.19,12058800,0.0,0.0,MSFT
2025-07-11,497.65,504.2,496.98,502.49,16459500,0.0,0.0,MSFT
2025-07-10,502.22,503.61,496.93,500.66,16492100,0.0,0.0,MSFT
2025-07-09,499.48,505.95,498.92,502.68,18659500,0.0,0.0,MSFT
2025-07-08,496.42,497.38,493.3,495.8,11846600,0.0,0.0,MSFT
2025-07-07,496.56,497.93,494.42,496.9,13981600,0.0,0.0,MSFT
2025-07-03,493.0,499.31,492.63,498.02,13984800,0.0,0.0,MSFT
2025-07-02,489.19,492.69,487.9,490.28,16319600,0.0,0.0,MSFT
2025-07-01,495.66,497.23,490.17,491.24,19945400,0.0,0.0,MSFT
2025-06-30,496.22,499.94,494.52,496.59,28369000,0.0,0.0,MSFT
2025-06-27,496.73,498.48,492.22,495.13,34539200,0.0,0.0,MSFT
2025-06-26,492.17,497.22,492.0,496.63,21578900,0.0,0.0,MSFT
2025-06-25,491.23,493.75,488.59,491.46,17495100,0.0,0.0,MSFT
2025-06-24,488.15,491.04,486.0,489.31,22305600,0.0,0.0,MSFT
2025-06-23,477.43,486.95,471.73,485.2,24864000,0.0,0.0,MSFT
2025-06-20,481.44,482.67,476.09,476.62,37576200,0.0,0.0,MSFT
2025-06-18,477.22,480.21,473.68,479.45,17526500,0.0,0.0,MSFT
2025-06-17,474.62,477.95,473.3,477.26,15414100,0.0,0.0,MSFT
2025-06-16,474.43,479.9,474.22,478.35,15626100,0.0,0.0,MSFT
2025-06-13,475.63,478.39,471.98,474.18,16814500,0.0,0.0,MSFT
2025-06-12,474.24,479.63,472.74,478.08,18950600,0.0,0.0,MSFT
2025-06-11,469.25,474.69,468.89,471.84,16399200,0.0,0.0,MSFT
2025-06-10,470.42,472.02,466.19,470.15,15375900,0.0,0.0,MSFT
2025-06-09,468.93,472.65,467.85,471.97,16469900,0.0,0.0,MSFT
2025-06-06,469.32,472.56,468.01,469.61,15285600,0.0,0.0,MSFT
2025-06-05,464.2,468.88,463.27,466.91,20131700,0.0,0.0,MSFT
2025-06-04,463.24,464.93,462.26,463.11,14162700,0.0,0.0,MSFT
2025-06-03,460.71,463.38,460.1,462.21,15743800,0.0,0.0,MSFT
2025-06-02,456.39,461.35,456.14,461.21,16626500,0.0,0.0,MSFT
2025-05-30,458.97,460.92,454.79,459.6,34770500,0.0,0.0,MSFT
2025-05-29,460.79,460.96,454.56,457.93,13974800,0.0,0.0,MSFT
2025-05-28,460.46,461.76,456.18,456.61,17086300,0.0,0.0,MSFT
2025-05-27,455.73,460.19,455.37,459.93,20974300,0.0,0.0,MSFT
2025-05-23,449.24,452.95,448.17,449.44,16883500,0.0,0.0,MSFT
2025-05-22,454.2,459.49,453.16,454.11,18025600,0.0,0.0,MSFT
2025-05-21,453.82,457.03,451.07,451.83,19216900,0.0,0.0,MSFT
2025-05-20,454.84,457.59,453.57,457.42,15441800,0.0,0.0,MSFT
2025-05-19,450.14,458.84,450.06,458.12,21336500,0.0,0.0,MSFT
2025-05-16,451.31,453.61,447.99,453.52,23849800,0.0,0.0,MSFT
2025-05-15,450.03,455.44,449.69,452.39,21992300,0.83,0.0,MSFT
2025-05-14,446.58,452.32,446.58,451.37,19902800,0.0,0.0,MSFT
2025-05-13,446.23,449.11,443.81,447.58,23618800,0.0,0.0,MSFT
2025-05-12,444.39,447.81,438.25,447.7,22821900,0.0,0.0,MSFT
2025-05-09,438.47,439.21,434.37,437.21,15324200,0.0,0.0,MSFT
2025-05-08,436.41,442.13,434.15,436.65,23491300,0.0,0.0,MSFT
2025-05-07,432.33,436.6,429.61,431.85,23295300,0.0,0.0,MSFT
2025-05-06,430.7,436.21,429.67,431.81,15104200,0.0,0.0,MSFT
2025-05-05,431.37,437.97,430.61,434.66,20136100,0.0,0.0,MSFT
2025-05-02,430.24,437.91,428.5,433.77,30757400,0.0,0.0,MSFT
2025-05-01,429.61,435.47,423.43,423.92,58938100,0.0,0.0,MSFT
2025-04-30,388.95,395.28,383.11,393.89,36461100,0.0,0.0,MSFT
2025-04-29,389.94,393.73,389.03,392.67,14974000,0.0,0.0,MSFT
2025-04-28,390.6,391.38,385.3,389.8,16579400,0.0,0.0,MSFT
2025-04-25,385.66,390.8,383.27,390.49,18973200,0.0,0.0,MSFT
2025-04-24,374.4,387.1,373.89,385.96,22232300,0.0,0.0,MSFT
2025-04-23,374.75,379.07,371.73,373.09,20545500,0.0,0.0,MSFT
2025-04-22,362.12,366.49,358.61,365.55,19485000,0.0,0.0,MSFT
2025-04-21,361.56,363.22,354.44,357.87,20807300,0.0,0.0,MSFT
2025-04-17,372.45,373.02,365.62,366.5,21120200,0.0,0.0,MSFT
2025-04-16,379.35,380.29,366.72,370.32,21967800,0.0,0.0,MSFT
2025-04-15,387.16,390.53,382.83,384.39,17199900,0.0,0.0,MSFT
2025-04-14,391.86,393.28,382.88,386.46,19251200,0.0,0.0,MSFT
2025-04-11,379.32,388.7,377.57,387.1,23839200,0.0,0.0,MSFT
2025-04-10,380.73,382.57,366.52,380.03,38024400,0.0,0.0,MSFT
2025-04-09,352.31,391.87,351.87,389.13,50199700,0.0,0.0,MSFT
2025-04-08,366.98,372.35,349.03,353.33,35868900,0.0,0.0,MSFT
2025-04-07,349.66,369.71,343.59,356.62,50425000,0.0,0.0,MSFT
2025-04-04,362.87,373.29,358.23,358.59,49209900,0.0,0.0,MSFT
2025-04-03,373.49,376.17,368.07,371.82,30198000,0.0,0.0,MSFT
2025-04-02,376.66,383.74,375.31,380.81,16092600,0.0,0.0,MSFT
2025-04-01,373.35,381.52,371.93,380.86,19689500,0.0,0.0,MSFT
2025-03-31,371.25,375.76,365.97,374.09,35184700,0.0,0.0,MSFT
2025-03-28,386.73,387.78,375.62,377.49,21632000,0.0,0.0,MSFT
2025-03-27,388.78,390.88,386.06,389.22,13766800,0.0,0.0,MSFT
2025-03-26,393.63,393.94,387.22,388.62,16108400,0.0,0.0,MSFT
2025-03-25,392.55,394.98,391.28,393.79,15775000,0.0,0.0,MSFT
2025-03-24,394.03,394.03,388.46,391.72,21004500,0.0,0.0,MSFT
2025-03-21,381.89,390.38,381.47,389.9,39675900,0.0,0.0,MSFT
2025-03-20,384.4,390.43,381.95,385.5,18470500,0.0,0.0,MSFT
2025-03-19,384.19,388.33,382.67,386.47,19185500,0.0,0.0,MSFT
2025-03-18,385.73,386.03,379.78,382.19,19486900,0.0,0.0,MSFT
2025-03-17,385.36,391.35,384.23,387.35,22474300,0.0,0.0,MSFT
2025-03-14,378.46,388.88,378.19,387.21,19952800,0.0,0.0,MSFT
2025-03-13,381.83,383.98,376.14,377.46,20473000,0.0,0.0,MSFT
2025-03-12,381.62,383.88,377.63,381.94,24253600,0.0,0.0,MSFT
2025-03-11,377.68,384.66,375.6,379.13,30380200,0.0,0.0,MSFT
2025-03-10,384.5,385.06,375.91,378.84,32840100,0.0,0.0,MSFT
2025-03-07,390.96,393.43,384.2,391.94,22034100,0.0,0.0,MSFT
2025-03-06,392.91,400.75,391.32,395.51,23304600,0.0,0.0,MSFT
2025-03-05,387.99,400.28,387.46,399.63,23433100,0.0,0.0,MSFT
2025-03-04,382.07,391.22,379.68,387.26,29342900,0.0,0.0,MSFT
2025-03-03,397.44,397.44,384.82,387.14,23007700,0.0,0.0,MSFT
2025-02-28,391.3,396.25,385.23,395.61,32845700,0.0,0.0,MSFT
2025-02-27,399.88,404.33,390.81,391.17,21127400,0.0,0.0,MSFT
2025-02-26,396.63,402.2,392.88,398.34,19619000,0.0,0.0,MSFT
2025-02-25,399.71,400.53,395.32,396.52,29387400,0.0,0.0,MSFT
2025-02-24,407.09,407.95,397.93,402.6,26443700,0.0,0.0,MSFT
2025-02-21,415.89,416.6,406.47,406.79,27524800,0.0,0.0,MSFT
2025-02-20,413.85,417.85,411.11,414.69,23508700,0.83,0.0,MSFT
2025-02-19,405.65,413.22,405.42,412.5,24114200,0.0,0.0,MSFT
2025-02-18,405.77,408.36,404.28,407.4,21423100,0.0,0.0,MSFT
2025-02-14,405.56,406.68,403.66,406.2,22758500,0.0,0.0,MSFT
2025-02-13,404.78,408.75,404.14,408.3,23891700,0.0,0.0,MSFT
2025-02-12,404.98,408.51,402.16,406.8,19121700,0.0,0.0,MSFT
2025-02-11,407.4,410.24,407.06,409.19,18140600,0.0,0.0,MSFT
2025-02-10,411.45,413.19,408.67,409.97,20817900,0.0,0.0,MSFT
2025-02-07,414.2,416.36,405.87,407.51,22886800,0.0,0.0,MSFT
2025-02-06,411.74,415.91,411.74,413.55,16309800,0.0,0.0,MSFT
2025-02-05,410.1,411.57,408.16,411.03,16316700,0.0,0.0,MSFT
2025-02-04,410.43,411.66,407.5,410.12,20532100,0.0,0.0,MSFT
2025-02-03,409.35,413.14,406.43,408.67,25679100,0.0,0.0,MSFT
2025-01-31,416.69,418.39,412.64,412.79,34161900,0.0,0.0,MSFT
2025-01-30,416.48,420.55,410.9,412.72,54586300,0.0,0.0,MSFT
2025-01-29,444.25,444.44,437.99,439.91,23581400,0.0,0.0,MSFT
2025-01-28,432.22,445.93,429.02,444.76,23491700,0.0,0.0,MSFT
2025-01-27,421.69,432.82,421.19,432.19,35647800,0.0,0.0,MSFT
2025-01-24,442.73,444.21,438.99,441.63,15549500,0.0,0.0,MSFT
2025-01-23,439.58,444.31,439.09,444.27,18389300,0.0,0.0,MSFT
2025-01-22,435.17,444.83,433.62,443.76,27803800,0.0,0.0,MSFT
2025-01-21,427.85,428.55,423.27,426.16,26085700,0.0,0.0,MSFT
2025-01-17,431.72,432.11,425.83,426.69,26197500,0.0,0.0,MSFT
2025-01-16,426.36,427.14,422.07,422.26,15300000,0.0,0.0,MSFT
2025-01-15,416.84,425.81,415.98,423.98,19637800,0.0,0.0,MSFT
2025-01-14,415.53,417.45,408.48,413.4,16935900,0.0,0.0,MSFT
2025-01-13,412.97,416.21,410.04,414.91,17604800,0.0,0.0,MSFT
2025-01-10,422.31,422.39,412.75,416.66,20201100,0.0,0.0,MSFT
2025-01-08,421.15,424.64,419.24,422.24,15054600,0.0,0.0,MSFT
2025-01-07,426.66,428.3,418.5,420.06,18139100,0.0,0.0,MSFT
2025-01-06,425.66,431.95,423.15,425.51,20573600,0.0,0.0,MSFT
2025-01-03,418.78,421.71,417.25,421.04,16662900,0.0,0.0,MSFT
2025-01-02,423.2,423.74,412.58,416.29,16896500,0.0,0.0,MSFT
2024-12-31,423.77,424.4,418.36,419.2,13246500,0.0,0.0,MSFT
2024-12-30,423.73,425.21,419.59,422.51,13158700,0.0,0.0,MSFT
2024-12-27,432.22,432.84,424.02,428.18,18117700,0.0,0.0,MSFT
2024-12-26,436.68,438.53,434.24,435.72,8194200,0.0,0.0,MSFT
2024-12-24,432.27,437.2,431.82,436.93,7164500,0.0,0.0,MSFT
2024-12-23,434.35,435.26,430.46,432.87,19152500,0.0,0.0,MSFT
2024-12-20,430.74,441.32,426.29,434.21,64263700,0.0,0.0,MSFT
2024-12-19,439.21,440.76,433.94,434.64,22963700,0.0,0.0,MSFT
2024-12-18,448.85,450.18,434.63,435.0,24444500,0.0,0.0,MSFT
2024-12-17,448.55,452.8,447.11,451.98,22733500,0.0,0.0,MSFT
2024-12-16,444.83,449.71,442.85,449.12,23598800,0.0,0.0,MSFT
2024-12-13,445.99,448.96,443.14,444.83,20177800,0.0,0.0,MSFT
2024-12-12,446.66,453.67,446.66,447.1,20834800,0.0,0.0,MSFT
2024-12-11,441.62,447.89,441.62,446.54,19200200,0.0,0.0,MSFT
2024-12-10,441.96,447.16,439.19,440.91,18469500,0.0,0.0,MSFT
2024-12-09,440.18,445.88,438.09,443.58,19144400,0.0,0.0,MSFT
2024-12-06,439.88,443.66,439.36,441.15,18821000,0.0,0.0,MSFT
2024-12-05,435.53,442.23,433.79,440.2,21697800,0.0,0.0,MSFT
2024-12-04,430.66,437.27,430.27,435.03,26009400,0.0,0.0,MSFT
2024-12-03,427.49,430.11,425.4,428.84,18302000,0.0,0.0,MSFT
2024-12-02,419.27,430.63,419.01,428.62,20207200,0.0,0.0,MSFT
2024-11-29,417.79,422.56,415.52,421.15,16271900,0.0,0.0,MSFT
2024-11-27,422.79,424.9,419.71,420.68,18332400,0.0,0.0,MSFT
2024-11-26,417.3,426.7,416.56,425.65,23458900,0.0,0.0,MSFT
2024-11-25,416.09,418.78,412.58,416.5,27691100,0.0,0.0,MSFT
2024-11-22,409.12,415.12,408.81,414.72,24814600,0.0,0.0,MSFT
2024-11-21,417.21,417.49,408.05,410.61,20780200,0.83,0.0,MSFT
2024-11-20,413.76,414.18,407.52,412.39,19191700,0.0,0.0,MSFT
2024-11-19,410.03,414.83,408.48,414.68,18133500,0.0,0.0,MSFT
2024-11-18,411.78,415.28,409.03,412.66,24727000,0.0,0.0,MSFT
2024-11-15,416.69,419.65,410.56,411.91,28247600,0.0,0.0,MSFT
2024-11-14,421.83,424.98,416.87,423.71,30246900,0.0,0.0,MSFT
2024-11-13,418.5,426.13,415.09,422.03,21502200,0.0,0.0,MSFT
2024-11-12,415.13,421.28,414.09,419.88,19401200,0.0,0.0,MSFT
2024-11-11,419.37,421.64,412.9,414.9,24503300,0.0,0.0,MSFT
2024-11-08,422.15,423.32,418.64,419.39,16891400,0.0,0.0,MSFT
2024-11-07,418.14,423.67,416.75,422.26,19901800,0.0,0.0,MSFT
2024-11-06,409.35,417.32,407.46,417.05,26681800,0.0,0.0,MSFT
2024-11-05,405.33,411.81,405.04,408.39,17626000,0.0,0.0,MSFT
2024-11-04,406.75,407.36,402.55,405.42,19672300,0.0,0.0,MSFT
2024-11-01,405.96,412.4,404.46,407.31,24230400,0.0,0.0,MSFT
2024-10-31,412.26,413.06,403.27,403.32,53971000,0.0,0.0,MSFT
2024-10-30,434.18,435.23,428.88,429.31,29749100,0.0,0.0,MSFT
2024-10-29,424.81,429.94,422.63,428.73,17644100,0.0,0.0,MSFT
2024-10-28,428.44,428.72,423.12,423.41,14882400,0.0,0.0,MSFT
2024-10-25,423.58,429.3,423.39,424.96,16899100,0.0,0.0,MSFT
2024-10-24,422.16,422.81,419.25,421.57,13581600,0.0,0.0,MSFT
2024-10-23,427.65,427.87,419.38,421.44,19654400,0.0,0.0,MSFT
2024-10-22,415.37,427.37,414.92,424.32,25482200,0.0,0.0,MSFT
2024-10-21,413.02,415.84,410.67,415.66,14206100,0.0,0.0,MSFT
2024-10-18,414.03,416.52,413.16,415.04,17145300,0.0,0.0,MSFT
2024-10-17,419.21,419.35,412.49,413.61,14820000,0.0,0.0,MSFT
2024-10-16,412.08,413.26,407.42,413.02,15508900,0.0,0.0,MSFT
2024-10-15,419.03,419.33,412.17,415.62,18900200,0.0,0.0,MSFT
2024-10-14,414.66,420.88,414.41,416.02,16653100,0.0,0.0,MSFT
2024-10-11,413.04,414.02,410.17,413.22,14144900,0.0,0.0,MSFT
2024-10-10,412.14,414.24,410.07,412.74,13848400,0.0,0.0,MSFT
2024-10-09,412.76,417.25,411.21,414.35,14974300,0.0,0.0,MSFT
2024-10-08,407.84,412.56,405.13,411.62,19229300,0.0,0.0,MSFT
2024-10-07,412.9,414.0,405.95,406.49,20919800,0.0,0.0,MSFT
2024-10-04,415.12,416.62,411.88,412.96,19169700,0.0,0.0,MSFT
2024-10-03,414.52,416.42,411.2,413.44,13686400,0.0,0.0,MSFT
2024-10-02,419.43,419.67,413.6,414.02,16582300,0.0,0.0,MSFT
2024-10-01,425.26,425.29,415.69,417.56,19092900,0.0,0.0,MSFT
2024-09-30,425.02,427.21,422.2,427.09,16807300,0.0,0.0,MSFT
2024-09-27,428.3,428.63,424.28,424.83,14896100,0.0,0.0,MSFT
2024-09-26,431.85,432.06,425.93,428.1,14492000,0.0,0.0,MSFT
2024-09-25,426.63,429.89,425.38,428.89,13396400,0.0,0.0,MSFT
2024-09-24,429.77,430.12,422.92,425.97,17015800,0.0,0.0,MSFT
2024-09-23,431.04,433.21,427.18,430.28,15128900,0.0,0.0,MSFT
2024-09-20,433.96,435.97,430.98,432.03,55167100,0.0,0.0,MSFT
2025-09-19,421.82,429.47,421.72,426.07,92847900,0.0,0.0,TSLA
2025-09-18,428.87,432.22,416.56,416.85,90454500,0.0,0.0,TSLA
2025-09-17,415.75,428.31,409.67,425.86,106133500,0.0,0.0,TSLA
2025-09-16,414.5,423.25,411.43,421.62,104285700,0.0,0.0,TSLA
2025-09-15,423.13,425.7,402.43,410.04,163823700,0.0,0.0,TSLA
2025-09-12,370.94,396.69,370.24,395.94,168156400,0.0,0.0,TSLA
2025-09-11,350.17,368.99,347.6,368.81,103756000,0.0,0.0,TSLA
2025-09-10,350.55,356.33,346.07,347.79,72121700,0.0,0.0,TSLA
2025-09-09,348.44,350.77,343.82,346.97,53816000,0.0,0.0,TSLA
2025-09-08,354.64,358.44,344.84,346.4,75208300,0.0,0.0,TSLA
2025-09-05,348.0,355.87,344.68,350.84,108989800,0.0,0.0,TSLA
2025-09-04,336.15,338.89,331.48,338.53,60711000,0.0,0.0,TSLA
2025-09-03,335.2,343.33,328.51,334.09,88733300,0.0,0.0,TSLA
2025-09-02,328.23,333.33,325.6,329.36,58392000,0.0,0.0,TSLA
2025-08-29,347.23,348.75,331.7,333.87,81145700,0.0,0.0,TSLA
2025-08-28,350.91,353.55,340.26,345.98,67903200,0.0,0.0,TSLA
2025-08-27,351.94,355.39,349.16,349.6,65519000,0.0,0.0,TSLA
2025-08-26,344.93,351.9,343.72,351.67,76651600,0.0,0.0,TSLA
2025-08-25,338.9,349.53,335.03,346.6,86670000,0.0,0.0,TSLA
2025-08-22,321.66,340.25,319.69,340.01,94016300,0.0,0.0,TSLA
2025-08-21,322.08,324.9,318.68,320.11,55744400,0.0,0.0,TSLA
2025-08-20,329.22,331.37,314.6,323.9,77481800,0.0,0.0,TSLA
2025-08-19,335.79,340.55,327.85,329.31,75956000,0.0,0.0,TSLA
2025-08-18,329.62,336.27,329.59,335.16,56956600,0.0,0.0,TSLA
2025-08-15,337.66,339.3,327.02,330.56,74319800,0.0,0.0,TSLA
2025-08-14,335.76,340.47,330.4,335.58,75000700,0.0,0.0,TSLA
2025-08-13,341.5,348.98,338.2,339.38,67838900,0.0,0.0,TSLA
2025-08-12,345.0,345.26,332.94,340.84,80522100,0.0,0.0,TSLA
2025-08-11,335.0,346.64,334.15,339.03,105320200,0.0,0.0,TSLA
2025-08-08,321.43,335.15,320.98,329.65,91200300,0.0,0.0,TSLA
2025-08-07,319.79,322.4,316.16,322.27,66658700,0.0,0.0,TSLA
2025-08-06,307.89,320.47,306.93,319.91,78523600,0.0,0.0,TSLA
2025-08-05,308.95,312.45,305.5,308.72,57961300,0.0,0.0,TSLA
2025-08-04,309.08,312.12,303.0,309.26,78683900,0.0,0.0,TSLA
2025-08-01,306.21,309.31,297.82,302.63,89121400,0.0,0.0,TSLA
2025-07-31,319.61,321.37,306.1,308.27,85270900,0.0,0.0,TSLA
2025-07-30,322.18,324.45,311.62,319.04,83931900,0.0,0.0,TSLA
2025-07-29,325.55,326.25,318.25,321.2,87358900,0.0,0.0,TSLA
2025-07-28,318.45,330.49,315.69,325.59,112673800,0.0,0.0,TSLA
2025-07-25,308.74,323.63,308.01,316.06,148227000,0.0,0.0,TSLA
2025-07-24,310.0,310.15,300.41,305.3,156966000,0.0,0.0,TSLA
2025-07-23,330.9,336.2,328.67,332.56,92553800,0.0,0.0,TSLA
2025-07-22,329.74,335.41,321.55,332.11,77370400,0.0,0.0,TSLA
2025-07-21,334.4,338.0,326.88,328.49,75768800,0.0,0.0,TSLA
2025-07-18,321.66,330.9,321.42,329.65,94255000,0.0,0.0,TSLA
2025-07-17,323.15,324.34,317.06,319.41,73922900,0.0,0.0,TSLA
2025-07-16,312.8,323.5,312.62,321.67,97284800,0.0,0.0,TSLA
2025-07-15,319.68,321.2,310.5,310.78,77556300,0.0,0.0,TSLA
2025-07-14,317.73,322.6,312.67,316.9,78043400,0.0,0.0,TSLA
2025-07-11,307.89,314.09,305.65,313.51,79236400,0.0,0.0,TSLA
2025-07-10,300.05,310.48,300.0,309.87,104365300,0.0,0.0,TSLA
2025-07-09,297.55,300.15,293.55,295.88,75586800,0.0,0.0,TSLA
2025-07-08,297.0,304.05,294.35,297.81,103246700,0.0,0.0,TSLA
2025-07-07,291.37,296.15,288.77,293.94,131177900,0.0,0.0,TSLA
2025-07-03,317.99,318.45,312.76,315.35,58042300,0.0,0.0,TSLA
2025-07-02,312.63,316.83,303.82,315.65,119483700,0.0,0.0,TSLA
2025-07-01,298.46,305.89,293.21,300.71,145085700,0.0,0.0,TSLA
2025-06-30,319.9,325.58,316.6,317.66,76695100,0.0,0.0,TSLA
2025-06-27,324.51,329.34,317.5,323.63,89067000,0.0,0.0,TSLA
2025-06-26,324.61,331.05,323.61,325.78,80440900,0.0,0.0,TSLA
2025-06-25,342.7,343.0,320.4,327.55,119845100,0.0,0.0,TSLA
2025-06-24,356.17,356.26,340.44,340.47,114736200,0.0,0.0,TSLA
2025-06-23,327.54,357.54,327.48,348.68,190716800,0.0,0.0,TSLA
2025-06-20,327.95,332.36,317.78,322.16,108688000,0.0,0.0,TSLA
2025-06-18,317.31,329.32,315.45,322.05,95137700,0.0,0.0,TSLA
2025-06-17,326.09,327.26,314.74,316.35,88282700,0.0,0.0,TSLA
2025-06-16,331.29,332.05,326.41,329.13,83925900,0.0,0.0,TSLA
2025-06-13,313.97,332.99,313.3,325.31,128964300,0.0,0.0,TSLA
2025-06-12,323.08,332.56,316.86,319.11,105127500,0.0,0.0,TSLA
2025-06-11,334.4,335.5,322.5,326.43,122611400,0.0,0.0,TSLA
2025-06-10,314.94,327.83,310.67,326.09,151256500,0.0,0.0,TSLA
2025-06-09,285.96,309.83,281.85,308.58,140908900,0.0,0.0,TSLA
2025-06-06,298.83,305.5,291.14,295.14,164747700,0.0,0.0,TSLA
2025-06-05,322.49,324.55,273.21,284.7,287499800,0.0,0.0,TSLA
2025-06-04,345.1,345.6,327.33,332.05,98912100,0.0,0.0,TSLA
2025-06-03,346.6,355.4,343.04,344.27,99324500,0.0,0.0,TSLA
2025-06-02,343.5,348.02,333.33,342.69,81873800,0.0,0.0,TSLA
2025-05-30,355.52,363.68,345.29,346.46,123474900,0.0,0.0,TSLA
2025-05-29,365.29,367.71,356.0,358.43,88087800,0.0,0.0,TSLA
2025-05-28,364.84,365.0,355.91,356.9,91404300,0.0,0.0,TSLA
2025-05-27,347.35,363.79,347.32,362.89,120146400,0.0,0.0,TSLA
2025-05-23,337.92,343.18,333.21,339.34,84654800,0.0,0.0,TSLA
2025-05-22,331.9,347.27,331.39,341.04,97113400,0.0,0.0,TSLA
2025-05-21,344.43,347.35,332.2,334.62,102354800,0.0,0.0,TSLA
2025-05-20,347.87,354.99,341.63,343.82,131715500,0.0,0.0,TSLA
2025-05-19,336.3,343.0,333.37,342.09,88869900,0.0,0.0,TSLA
2025-05-16,346.24,351.62,342.33,349.98,95895700,0.0,0.0,TSLA
2025-05-15,340.34,346.14,334.72,342.82,97882600,0.0,0.0,TSLA
2025-05-14,342.5,350.0,337.0,347.68,136997300,0.0,0.0,TSLA
2025-05-13,320.0,337.59,316.8,334.07,136992600,0.0,0.0,TSLA
2025-05-12,321.99,322.21,311.5,318.38,112826700,0.0,0.0,TSLA
2025-05-09,290.21,307.04,290.0,298.26,132387800,0.0,0.0,TSLA
2025-05-08,279.63,289.8,279.41,284.82,97539400,0.0,0.0,TSLA
2025-05-07,276.88,277.92,271.0,276.22,71592600,0.0,0.0,TSLA
2025-05-06,273.11,277.73,271.35,275.35,76715800,0.0,0.0,TSLA
2025-05-05,284.57,284.85,274.4,280.26,94618900,0.0,0.0,TSLA
2025-05-02,284.9,294.78,279.81,287.21,114454700,0.0,0.0,TSLA
2025-05-01,280.01,290.87,279.81,280.52,99659000,0.0,0.0,TSLA
2025-04-30,279.9,284.45,270.78,282.16,128961100,0.0,0.0,TSLA
2025-04-29,285.5,293.32,279.47,292.03,108906600,0.0,0.0,TSLA
2025-04-28,288.98,294.86,272.42,285.88,151731800,0.0,0.0,TSLA
2025-04-25,261.69,286.85,259.63,284.95,167560700,0.0,0.0,TSLA
2025-04-24,250.5,259.54,249.2,259.51,94464200,0.0,0.0,TSLA
2025-04-23,254.86,259.45,244.43,250.74,150381900,0.0,0.0,TSLA
2025-04-22,230.96,242.79,229.85,237.97,120858500,0.0,0.0,TSLA
2025-04-21,230.26,232.21,222.79,227.5,97768000,0.0,0.0,TSLA
2025-04-17,243.47,244.34,237.68,241.37,83404800,0.0,0.0,TSLA
2025-04-16,247.61,251.97,233.89,241.55,112378700,0.0,0.0,TSLA
2025-04-15,249.91,258.75,247.54,254.11,79594300,0.0,0.0,TSLA
2025-04-14,258.36,261.8,245.93,252.35,100135200,0.0,0.0,TSLA
2025-04-11,251.84,257.74,241.36,252.31,128948100,0.0,0.0,TSLA
2025-04-10,260.0,262.49,239.33,252.4,181722600,0.0,0.0,TSLA
2025-04-09,224.69,274.69,223.88,272.2,219433400,0.0,0.0,TSLA
2025-04-08,245.0,250.44,217.8,221.86,171603500,0.0,0.0,TSLA
2025-04-07,223.78,252.0,214.25,233.29,183453800,0.0,0.0,TSLA
2025-04-04,255.38,261.0,236.0,239.43,181229400,0.0,0.0,TSLA
2025-04-03,265.29,276.3,261.51,267.28,136174300,0.0,0.0,TSLA
2025-04-02,254.6,284.99,251.27,282.76,212787800,0.0,0.0,TSLA
2025-04-01,263.8,277.45,259.25,268.46,146486900,0.0,0.0,TSLA
2025-03-31,249.31,260.56,243.36,259.16,134008900,0.0,0.0,TSLA
2025-03-28,275.58,276.1,260.57,263.55,123809400,0.0,0.0,TSLA
2025-03-27,272.48,291.85,271.82,273.13,162572100,0.0,0.0,TSLA
2025-03-26,282.66,284.9,266.51,272.06,153629800,0.0,0.0,TSLA
2025-03-25,283.6,288.2,271.28,288.14,150361500,0.0,0.0,TSLA
2025-03-24,258.08,278.64,256.33,278.39,169079900,0.0,0.0,TSLA
2025-03-21,234.99,249.52,234.55,248.71,132728700,0.0,0.0,TSLA
2025-03-20,233.35,238.0,230.05,236.26,99028300,0.0,0.0,TSLA
2025-03-19,231.61,241.41,229.2,235.86,111993800,0.0,0.0,TSLA
2025-03-18,228.16,230.1,222.28,225.31,111477600,0.0,0.0,TSLA
2025-03-17,245.06,245.4,232.8,238.01,111900600,0.0,0.0,TSLA
2025-03-14,247.31,251.58,240.73,249.98,100242300,0.0,0.0,TSLA
2025-03-13,248.13,248.29,232.6,240.68,114813500,0.0,0.0,TSLA
2025-03-12,247.22,251.84,241.1,248.09,142215700,0.0,0.0,TSLA
2025-03-11,225.31,237.06,217.02,230.58,174896400,0.0,0.0,TSLA
2025-03-10,252.54,253.37,220.0,222.15,189076900,0.0,0.0,TSLA
2025-03-07,259.32,266.25,250.73,262.67,102369600,0.0,0.0,TSLA
2025-03-06,272.06,272.65,260.02,263.45,98451600,0.0,0.0,TSLA
2025-03-05,272.92,279.55,267.71,279.1,94042900,0.0,0.0,TSLA
2025-03-04,270.93,284.35,261.84,272.04,126706600,0.0,0.0,TSLA
2025-03-03,300.34,303.94,277.3,284.65,115551400,0.0,0.0,TSLA
2025-02-28,279.5,293.88,273.6,292.98,115697000,0.0,0.0,TSLA
2025-02-27,291.16,297.23,280.88,281.95,101748200,0.0,0.0,TSLA
2025-02-26,303.71,309.0,288.04,290.8,100118300,0.0,0.0,TSLA
2025-02-25,327.02,328.89,297.25,302.8,134228800,0.0,0.0,TSLA
2025-02-24,338.14,342.4,324.7,330.53,76052300,0.0,0.0,TSLA
2025-02-21,353.44,354.98,334.42,337.8,74058600,0.0,0.0,TSLA
2025-02-20,361.51,362.3,348.0,354.4,45965400,0.0,0.0,TSLA
2025-02-19,354.0,367.34,353.67,360.56,67094400,0.0,0.0,TSLA
2025-02-18,355.01,359.1,350.02,354.11,51631700,0.0,0.0,TSLA
2025-02-14,360.62,362.0,347.5,355.84,68277300,0.0,0.0,TSLA
2025-02-13,345.0,358.69,342.85,355.94,89441500,0.0,0.0,TSLA
2025-02-12,329.94,346.4,329.12,336.51,105382700,0.0,0.0,TSLA
2025-02-11,345.8,349.37,325.1,328.5,118543400,0.0,0.0,TSLA
2025-02-10,356.21,362.7,350.51,350.73,77514900,0.0,0.0,TSLA
2025-02-07,370.19,380.55,360.34,361.62,70298300,0.0,0.0,TSLA
2025-02-06,373.03,375.4,363.18,374.32,77918200,0.0,0.0,TSLA
2025-02-05,387.51,388.39,375.53,378.17,57223300,0.0,0.0,TSLA
2025-02-04,382.63,394.0,381.4,392.21,57072200,0.0,0.0,TSLA
2025-02-03,386.68,389.17,374.36,383.68,93732100,0.0,0.0,TSLA
2025-01-31,401.53,419.99,401.34,404.6,83283600,0.0,0.0,TSLA
2025-01-30,410.78,412.5,384.41,400.28,98092900,0.0,0.0,TSLA
2025-01-29,395.21,398.59,384.48,389.1,68033600,0.0,0.0,TSLA
2025-01-28,396.91,400.59,386.5,398.09,48910700,0.0,0.0,TSLA
2025-01-27,394.8,406.69,389.0,397.15,58125500,0.0,0.0,TSLA
2025-01-24,414.45,418.88,405.78,406.58,56427100,0.0,0.0,TSLA
2025-01-23,416.06,420.73,408.95,412.38,50690600,0.0,0.0,TSLA
2025-01-22,416.81,428.0,414.59,415.11,60963300,0.0,0.0,TSLA
2025-01-21,432.64,433.2,406.31,424.07,87320900,0.0,0.0,TSLA
2025-01-17,421.5,439.74,419.75,426.5,94991400,0.0,0.0,TSLA
2025-01-16,423.49,424.0,409.13,413.82,68335200,0.0,0.0,TSLA
2025-01-15,409.9,429.8,405.66,428.22,81375500,0.0,0.0,TSLA
2025-01-14,414.34,422.64,394.54,396.36,84565000,0.0,0.0,TSLA
2025-01-13,383.21,403.79,380.07,403.31,67580500,0.0,0.0,TSLA
2025-01-10,391.4,399.28,377.29,394.74,62287300,0.0,0.0,TSLA
2025-01-08,392.95,402.5,387.4,394.94,73038800,0.0,0.0,TSLA
2025-01-07,405.83,414.33,390.0,394.36,75699500,0.0,0.0,TSLA
2025-01-06,423.2,426.43,401.7,411.05,85516500,0.0,0.0,TSLA
2025-01-03,381.48,411.88,379.45,410.44,95423300,0.0,0.0,TSLA
2025-01-02,390.1,392.73,373.04,379.28,109710700,0.0,0.0,TSLA
2024-12-31,423.79,427.93,402.54,403.84,76825100,0.0,0.0,TSLA
2024-12-30,419.4,427.0,415.75,417.41,64941000,0.0,0.0,TSLA
2024-12-27,449.52,450.0,426.5,431.66,82666800,0.0,0.0,TSLA
2024-12-26,465.16,465.33,451.02,454.13,76366400,0.0,0.0,TSLA
2024-12-24,435.9,462.78,435.14,462.28,59551800,0.0,0.0,TSLA
2024-12-23,431.0,434.51,415.41,430.6,72698100,0.0,0.0,TSLA
2024-12-20,425.51,447.08,417.64,421.06,132216200,0.0,0.0,TSLA
2024-12-19,451.88,456.36,420.02,436.17,118566100,0.0,0.0,TSLA
2024-12-18,466.5,488.54,427.01,440.13,149340800,0.0,0.0,TSLA
2024-12-17,475.9,483.99,457.51,479.86,131223000,0.0,0.0,TSLA
2024-12-16,441.09,463.19,436.15,463.02,114083800,0.0,0.0,TSLA
2024-12-13,420.0,436.3,415.71,436.23,89000200,0.0,0.0,TSLA
2024-12-12,424.84,429.3,415.0,418.1,87752200,0.0,0.0,TSLA
2024-12-11,409.7,424.88,402.38,424.77,104287600,0.0,0.0,TSLA
2024-12-10,392.68,409.73,390.85,400.99,97563600,0.0,0.0,TSLA
2024-12-09,397.61,404.8,378.01,389.79,96359200,0.0,0.0,TSLA
2024-12-06,377.42,389.49,370.8,389.22,81455800,0.0,0.0,TSLA
2024-12-05,359.87,375.43,359.5,369.49,81403600,0.0,0.0,TSLA
2024-12-04,353.0,358.1,348.6,357.93,50810900,0.0,0.0,TSLA
2024-12-03,351.8,355.69,348.2,351.42,58267200,0.0,0.0,TSLA
2024-12-02,352.38,360.0,351.15,357.09,77986500,0.0,0.0,TSLA
2024-11-29,336.08,345.45,334.65,345.16,37167600,0.0,0.0,TSLA
2024-11-27,341.8,342.55,326.59,332.89,57896400,0.0,0.0,TSLA
2024-11-26,341.0,346.96,335.66,338.23,62295900,0.0,0.0,TSLA
2024-11-25,360.14,361.93,338.2,338.59,95890900,0.0,0.0,TSLA
2024-11-22,341.09,361.53,337.7,352.56,89140700,0.0,0.0,TSLA
2024-11-21,343.81,347.99,335.28,339.64,58011700,0.0,0.0,TSLA
2024-11-20,345.0,346.6,334.3,342.03,66340700,0.0,0.0,TSLA
2024-11-19,335.76,347.38,332.75,346.0,88852500,0.0,0.0,TSLA
2024-11-18,340.73,348.55,330.01,338.74,126085600,0.0,0.0,TSLA
2024-11-15,310.57,324.68,309.22,320.72,114440300,0.0,0.0,TSLA
2024-11-14,327.69,329.98,310.37,311.18,120726100,0.0,0.0,TSLA
2024-11-13,335.85,344.6,322.5,330.24,125405600,0.0,0.0,TSLA
2024-11-12,342.74,345.84,323.31,328.49,155726000,0.0,0.0,TSLA
2024-11-11,346.3,358.64,336.0,350.0,210521600,0.0,0.0,TSLA
2024-11-08,299.14,328.71,297.66,321.22,204782800,0.0,0.0,TSLA
2024-11-07,288.89,299.75,285.52,296.91,117309200,0.0,0.0,TSLA
2024-11-06,284.67,289.59,275.62,288.53,165228700,0.0,0.0,TSLA
2024-11-05,247.34,255.28,246.21,251.44,69282500,0.0,0.0,TSLA
2024-11-04,244.56,248.9,238.88,242.84,68802400,0.0,0.0,TSLA
2024-11-01,252.04,254.0,246.63,248.98,57544800,0.0,0.0,TSLA
2024-10-31,257.99,259.75,249.25,249.85,66575300,0.0,0.0,TSLA
2024-10-30,258.04,263.35,255.82,257.55,53993600,0.0,0.0,TSLA
2024-10-29,264.51,264.98,255.51,259.52,80521800,0.0,0.0,TSLA
2024-10-28,270.0,273.54,262.24,262.51,107653600,0.0,0.0,TSLA
2024-10-25,256.01,269.49,255.32,269.19,161611900,0.0,0.0,TSLA
2024-10-24,244.68,262.12,242.65,260.48,204491900,0.0,0.0,TSLA
2024-10-23,217.13,218.72,212.11,213.65,80938900,0.0,0.0,TSLA
2024-10-22,217.31,218.22,215.26,217.97,43268700,0.0,0.0,TSLA
2024-10-21,218.9,220.48,215.73,218.85,47329000,0.0,0.0,TSLA
2024-10-18,220.71,222.28,219.23,220.7,49611900,0.0,0.0,TSLA
2024-10-17,221.59,222.08,217.9,220.89,50791800,0.0,0.0,TSLA
2024-10-16,221.4,222.82,218.93,221.33,49632800,0.0,0.0,TSLA
2024-10-15,220.01,224.26,217.12,219.57,62988800,0.0,0.0,TSLA
2024-10-14,220.13,221.91,213.74,219.16,86291900,0.0,0.0,TSLA
2024-10-11,220.13,223.34,214.38,217.8,142628900,0.0,0.0,TSLA
2024-10-10,241.81,242.79,232.34,238.77,83087100,0.0,0.0,TSLA
2024-10-09,243.82,247.43,239.51,241.05,66289500,0.0,0.0,TSLA
2024-10-08,243.56,246.21,240.56,244.5,56303200,0.0,0.0,TSLA
2024-10-07,249.0,249.83,240.7,240.83,68113300,0.0,0.0,TSLA
2024-10-04,246.69,250.96,244.58,250.08,86573200,0.0,0.0,TSLA
2024-10-03,244.48,249.79,237.81,240.66,80729200,0.0,0.0,TSLA
2024-10-02,247.55,251.16,241.5,249.02,93983900,0.0,0.0,TSLA
2024-10-01,262.67,263.98,248.53,258.02,87397600,0.0,0.0,TSLA
2024-09-30,259.04,264.86,255.77,261.63,80705700,0.0,0.0,TSLA
2024-09-27,257.38,260.7,254.12,260.46,70988100,0.0,0.0,TSLA
2024-09-26,260.6,261.75,251.53,254.22,67142200,0.0,0.0,TSLA
2024-09-25,252.54,257.05,252.28,257.02,65034300,0.0,0.0,TSLA
2024-09-24,254.08,257.19,249.05,254.27,88491000,0.0,0.0,TSLA
2024-09-23,242.61,250.0,241.92,250.0,86927200,0.0,0.0,TSLA
2024-09-20,241.52,243.99,235.92,238.25,99879100,0.0,0.0,TSLA
